{"parent":"display/block_inside","textures":{"particle":"#all"},"elements":[{"from":[0,0,0],"to":[16,16,16],"faces":{"north":{"uv":[0,0,16,16],"texture":"#all","cullface":"north"},"east":{"uv":[0,0,16,16],"texture":"#all","cullface":"east"},"south":{"uv":[0,0,16,16],"texture":"#all","cullface":"south"},"west":{"uv":[0,0,16,16],"texture":"#all","cullface":"west"},"up":{"uv":[0,0,16,16],"texture":"#all","cullface":"up"},"down":{"uv":[0,0,16,16],"texture":"#all","cullface":"down"}}},{"from":[12,13,16],"to":[14,14,16.5],"faces":{"east":{"uv":[13,2,13.75,3],"texture":"#all","cullface":"south"},"south":{"uv":[12,2,14,3],"texture":"#all","cullface":"south"},"west":{"uv":[12,2,12.75,3],"texture":"#all","cullface":"south"},"up":{"uv":[12,2,14,2.75],"texture":"#all","cullface":"south"},"down":{"uv":[12,2,14,2.75],"texture":"#all","cullface":"south"}}},{"from":[7,12,16],"to":[9,13,16.5],"faces":{"east":{"uv":[8,3,8.75,4],"texture":"#all","cullface":"south"},"south":{"uv":[7,3,9,4],"texture":"#all","cullface":"south"},"west":{"uv":[7,3,7.75,4],"texture":"#all","cullface":"south"},"up":{"uv":[7,3,9,3.75],"texture":"#all","cullface":"south"},"down":{"uv":[7,3,9,3.75],"texture":"#all","cullface":"south"}}},{"from":[4,13,16],"to":[5,14,16.5],"faces":{"east":{"uv":[4,2,4.75,3],"texture":"#all","cullface":"south"},"south":{"uv":[4,2,5,3],"texture":"#all","cullface":"south"},"west":{"uv":[4,2,4.75,3],"texture":"#all","cullface":"south"},"up":{"uv":[4,2,5,2.75],"texture":"#all","cullface":"south"},"down":{"uv":[4,2,5,2.75],"texture":"#all","cullface":"south"}}},{"from":[5,10,16],"to":[7,11,16.5],"faces":{"east":{"uv":[6,5,6.75,6],"texture":"#all","cullface":"south"},"south":{"uv":[5,5,7,6],"texture":"#all","cullface":"south"},"west":{"uv":[5,5,5.75,6],"texture":"#all","cullface":"south"},"up":{"uv":[5,5,7,5.75],"texture":"#all","cullface":"south"}}},{"from":[4,9,16],"to":[8,10,16.75],"faces":{"east":{"uv":[7,6,8,7],"texture":"#all","cullface":"south"},"south":{"uv":[4,6,8,7],"texture":"#all","cullface":"south"},"west":{"uv":[4,6,5,7],"texture":"#all","cullface":"south"},"up":{"uv":[4,6,8,7],"texture":"#all","cullface":"south"},"down":{"uv":[4,6,8,7],"texture":"#all","cullface":"south"}}},{"from":[3,9,16],"to":[4,10,16.5],"faces":{"south":{"uv":[3,6,4,7],"texture":"#all","cullface":"south"},"west":{"uv":[3,6,3.75,7],"texture":"#all","cullface":"south"},"up":{"uv":[3,6,4,6.75],"texture":"#all","cullface":"south"},"down":{"uv":[3,6,4,6.75],"texture":"#all","cullface":"south"}}},{"from":[1,7,16],"to":[3,8,16.5],"faces":{"east":{"uv":[2,8,2.75,9],"texture":"#all","cullface":"south"},"south":{"uv":[1,8,3,9],"texture":"#all","cullface":"south"},"west":{"uv":[1,8,1.75,9],"texture":"#all","cullface":"south"},"up":{"uv":[1,8,3,8.75],"texture":"#all","cullface":"south"},"down":{"uv":[1,8,3,8.75],"texture":"#all","cullface":"south"}}},{"from":[4,5,16],"to":[5,6,16.5],"faces":{"east":{"uv":[4,10,4.75,11],"texture":"#all","cullface":"south"},"south":{"uv":[4,10,5,11],"texture":"#all","cullface":"south"},"west":{"uv":[4,10,4.75,11],"texture":"#all","cullface":"south"},"up":{"uv":[4,10,5,10.75],"texture":"#all","cullface":"south"},"down":{"uv":[4,10,5,10.75],"texture":"#all","cullface":"south"}}},{"from":[3,2,16],"to":[5,3,16.5],"faces":{"east":{"uv":[4,13,4.75,14],"texture":"#all","cullface":"south"},"south":{"uv":[3,13,5,14],"texture":"#all","cullface":"south"},"west":{"uv":[3,13,3.75,14],"texture":"#all","cullface":"south"},"up":{"uv":[3,13,5,13.75],"texture":"#all","cullface":"south"},"down":{"uv":[3,13,5,13.75],"texture":"#all","cullface":"south"}}},{"from":[10,9,16],"to":[12,11,16.5],"faces":{"east":{"uv":[11,5,11.75,7],"texture":"#all","cullface":"south"},"south":{"uv":[10,5,12,7],"texture":"#all","cullface":"south"},"west":{"uv":[10,5,10.75,7],"texture":"#all","cullface":"south"},"up":{"uv":[10,5,12,5.75],"texture":"#all","cullface":"south"},"down":{"uv":[10,6,12,6.75],"texture":"#all","cullface":"south"}}},{"from":[8,7,16],"to":[10,8,16.5],"faces":{"east":{"uv":[9,8,9.75,9],"texture":"#all","cullface":"south"},"south":{"uv":[8,8,10,9],"texture":"#all","cullface":"south"},"west":{"uv":[8,8,8.75,9],"texture":"#all","cullface":"south"},"up":{"uv":[8,8,10,8.75],"texture":"#all","cullface":"south"}}},{"from":[7,6,16],"to":[11,7,16.75],"faces":{"east":{"uv":[10,9,11,10],"texture":"#all","cullface":"south"},"south":{"uv":[7,9,11,10],"texture":"#all","cullface":"south"},"west":{"uv":[7,9,8,10],"texture":"#all","cullface":"south"},"up":{"uv":[7,9,11,10],"texture":"#all","cullface":"south"},"down":{"uv":[7,9,11,10],"texture":"#all","cullface":"south"}}},{"from":[11,4,16],"to":[13,5,16.5],"faces":{"east":{"uv":[12,11,12.75,12],"texture":"#all","cullface":"south"},"south":{"uv":[11,11,13,12],"texture":"#all","cullface":"south"},"west":{"uv":[11,11,11.75,12],"texture":"#all","cullface":"south"},"up":{"uv":[11,11,13,11.75],"texture":"#all","cullface":"south"}}},{"from":[13,3,16],"to":[14,4,16.5],"faces":{"east":{"uv":[13,12,13.75,13],"texture":"#all","cullface":"south"},"south":{"uv":[13,12,14,13],"texture":"#all","cullface":"south"},"up":{"uv":[13,12,14,12.75],"rotation":180,"texture":"#all","cullface":"south"},"down":{"uv":[13,12,14,12.75],"rotation":180,"texture":"#all","cullface":"south"}}},{"from":[9,3,16],"to":[13,4,16.75],"faces":{"east":{"uv":[12,12,13,13],"texture":"#all","cullface":"south"},"south":{"uv":[9,12,13,13],"texture":"#all","cullface":"south"},"west":{"uv":[9,12,10,13],"texture":"#all","cullface":"south"},"up":{"uv":[9,12,13,13],"texture":"#all","cullface":"south"},"down":{"uv":[9,12,13,13],"texture":"#all","cullface":"south"}}},{"from":[9,2,16],"to":[11,3,16.5],"faces":{"east":{"uv":[10,13,10.75,14],"texture":"#all","cullface":"south"},"south":{"uv":[9,13,11,14],"texture":"#all","cullface":"south"},"west":{"uv":[9,13,9.75,14],"texture":"#all","cullface":"south"},"down":{"uv":[9,13,11,14],"rotation":180,"texture":"#all","cullface":"south"}}},{"from":[8,3,16],"to":[9,4,16.5],"faces":{"south":{"uv":[8,12,9,13],"texture":"#all","cullface":"south"},"west":{"uv":[8,12,8.75,13],"texture":"#all","cullface":"south"},"up":{"uv":[8,12,9,12.75],"rotation":180,"texture":"#all","cullface":"south"},"down":{"uv":[8,12,9,12.75],"rotation":180,"texture":"#all","cullface":"south"}}},{"from":[-0.5,3,8],"to":[0,4,9],"faces":{"north":{"uv":[8,12,8.75,13],"texture":"#all","cullface":"west"},"west":{"uv":[8,12,9,13],"texture":"#all","cullface":"west"},"up":{"uv":[8,12,9,12.75],"rotation":270,"texture":"#all","cullface":"west"},"down":{"uv":[8,12,9,12.75],"rotation":90,"texture":"#all","cullface":"west"}}},{"from":[-0.5,7,1],"to":[0,8,3],"faces":{"north":{"uv":[1,8,1.75,9],"texture":"#all","cullface":"west"},"south":{"uv":[2,8,2.75,9],"texture":"#all","cullface":"west"},"west":{"uv":[1,8,3,9],"texture":"#all","cullface":"west"},"up":{"uv":[1,8,3,8.75],"rotation":90,"texture":"#all","cullface":"west"},"down":{"uv":[1,8,3,8.75],"rotation":270,"texture":"#all","cullface":"west"}}},{"from":[-0.5,12,7],"to":[0,13,9],"faces":{"north":{"uv":[7,3,7.75,4],"texture":"#all","cullface":"west"},"south":{"uv":[8,3,8.75,4],"texture":"#all","cullface":"west"},"west":{"uv":[7,3,9,4],"texture":"#all","cullface":"west"},"up":{"uv":[7,3,9,3.75],"rotation":90,"texture":"#all","cullface":"west"},"down":{"uv":[7,3,9,3.75],"rotation":270,"texture":"#all","cullface":"west"}}},{"from":[-0.5,13,12],"to":[0,14,14],"faces":{"north":{"uv":[12,2,12.75,3],"texture":"#all","cullface":"west"},"south":{"uv":[13,2,13.75,3],"texture":"#all","cullface":"west"},"west":{"uv":[12,2,14,3],"texture":"#all","cullface":"west"},"up":{"uv":[12,2,14,2.75],"rotation":90,"texture":"#all","cullface":"west"},"down":{"uv":[12,2,14,2.75],"rotation":270,"texture":"#all","cullface":"west"}}},{"from":[-0.5,13,4],"to":[0,14,5],"faces":{"north":{"uv":[4,2,4.75,3],"texture":"#all","cullface":"west"},"south":{"uv":[4,2,4.75,3],"texture":"#all","cullface":"west"},"west":{"uv":[4,2,5,3],"texture":"#all","cullface":"west"},"up":{"uv":[4,2,5,2.75],"rotation":90,"texture":"#all","cullface":"west"},"down":{"uv":[4,2,5,2.75],"rotation":270,"texture":"#all","cullface":"west"}}},{"from":[-0.5,5,4],"to":[0,6,5],"faces":{"north":{"uv":[4,10,4.75,11],"texture":"#all","cullface":"west"},"south":{"uv":[4,10,4.75,11],"texture":"#all","cullface":"west"},"west":{"uv":[4,10,5,11],"texture":"#all","cullface":"west"},"up":{"uv":[4,10,5,10.75],"rotation":90,"texture":"#all","cullface":"west"},"down":{"uv":[4,10,5,10.75],"rotation":270,"texture":"#all","cullface":"west"}}},{"from":[-0.5,9,3],"to":[0,10,4],"faces":{"north":{"uv":[3,6,3.75,7],"texture":"#all","cullface":"west"},"west":{"uv":[3,6,4,7],"texture":"#all","cullface":"west"},"up":{"uv":[3,6,4,6.75],"rotation":90,"texture":"#all","cullface":"west"},"down":{"uv":[3,6,4,6.75],"rotation":270,"texture":"#all","cullface":"west"}}},{"from":[-0.5,9,10],"to":[0,11,12],"faces":{"north":{"uv":[10,5,10.75,7],"texture":"#all","cullface":"west"},"south":{"uv":[11,5,11.75,7],"texture":"#all","cullface":"west"},"west":{"uv":[10,5,12,7],"texture":"#all","cullface":"west"},"up":{"uv":[10,5,12,5.75],"rotation":90,"texture":"#all","cullface":"west"},"down":{"uv":[10,6,12,6.75],"rotation":270,"texture":"#all","cullface":"west"}}},{"from":[-0.75,3,9],"to":[0,4,13],"faces":{"north":{"uv":[9,12,10,13],"texture":"#all","cullface":"west"},"south":{"uv":[12,12,13,13],"texture":"#all","cullface":"west"},"west":{"uv":[9,12,13,13],"texture":"#all","cullface":"west"},"up":{"uv":[9,12,13,13],"rotation":90,"texture":"#all","cullface":"west"},"down":{"uv":[9,12,13,13],"rotation":270,"texture":"#all","cullface":"west"}}},{"from":[-0.75,6,7],"to":[0,7,11],"faces":{"north":{"uv":[7,9,8,10],"texture":"#all","cullface":"west"},"south":{"uv":[10,9,11,10],"texture":"#all","cullface":"west"},"west":{"uv":[7,9,11,10],"texture":"#all","cullface":"west"},"up":{"uv":[7,9,11,10],"rotation":90,"texture":"#all","cullface":"west"},"down":{"uv":[7,9,11,10],"rotation":270,"texture":"#all","cullface":"west"}}},{"from":[-0.75,9,4],"to":[0,10,8],"faces":{"north":{"uv":[4,6,5,7],"texture":"#all","cullface":"west"},"south":{"uv":[7,6,8,7],"texture":"#all","cullface":"west"},"west":{"uv":[4,6,8,7],"texture":"#all","cullface":"west"},"up":{"uv":[4,6,8,7],"rotation":90,"texture":"#all","cullface":"west"},"down":{"uv":[4,6,8,7],"rotation":270,"texture":"#all","cullface":"west"}}},{"from":[-0.5,4,11],"to":[0,5,13],"faces":{"north":{"uv":[11,11,11.75,12],"texture":"#all","cullface":"west"},"south":{"uv":[12,11,12.75,12],"texture":"#all","cullface":"west"},"west":{"uv":[11,11,13,12],"texture":"#all","cullface":"west"},"up":{"uv":[11,11,13,11.75],"rotation":90,"texture":"#all","cullface":"west"}}},{"from":[-0.5,7,8],"to":[0,8,10],"faces":{"north":{"uv":[8,8,8.75,9],"texture":"#all","cullface":"west"},"south":{"uv":[9,8,9.75,9],"texture":"#all","cullface":"west"},"west":{"uv":[8,8,10,9],"texture":"#all","cullface":"west"},"up":{"uv":[8,8,10,8.75],"rotation":90,"texture":"#all","cullface":"west"}}},{"from":[-0.5,10,5],"to":[0,11,7],"faces":{"north":{"uv":[5,5,5.75,6],"texture":"#all","cullface":"west"},"south":{"uv":[6,5,6.75,6],"texture":"#all","cullface":"west"},"west":{"uv":[5,5,7,6],"texture":"#all","cullface":"west"},"up":{"uv":[5,5,7,5.75],"rotation":90,"texture":"#all","cullface":"west"}}},{"from":[-0.5,3,13],"to":[0,4,14],"faces":{"south":{"uv":[13,12,13.75,13],"texture":"#all","cullface":"west"},"west":{"uv":[13,12,14,13],"texture":"#all","cullface":"west"},"up":{"uv":[13,12,14,12.75],"rotation":270,"texture":"#all","cullface":"west"},"down":{"uv":[13,12,14,12.75],"rotation":90,"texture":"#all","cullface":"west"}}},{"from":[-0.5,2,3],"to":[0,3,5],"faces":{"north":{"uv":[3,13,3.75,14],"texture":"#all","cullface":"west"},"south":{"uv":[4,13,4.75,14],"texture":"#all","cullface":"west"},"west":{"uv":[3,13,5,14],"texture":"#all","cullface":"west"},"up":{"uv":[3,13,5,13.75],"rotation":90,"texture":"#all","cullface":"west"},"down":{"uv":[3,13,5,13.75],"rotation":270,"texture":"#all","cullface":"west"}}},{"from":[-0.5,2,9],"to":[0,3,11],"faces":{"north":{"uv":[9,13,9.75,14],"texture":"#all","cullface":"west"},"south":{"uv":[10,13,10.75,14],"texture":"#all","cullface":"west"},"west":{"uv":[9,13,11,14],"texture":"#all","cullface":"west"},"down":{"uv":[9,13,11,14],"rotation":90,"texture":"#all","cullface":"west"}}},{"from":[16,3,7],"to":[16.5,4,8],"faces":{"east":{"uv":[8,12,9,13],"texture":"#all","cullface":"east"},"south":{"uv":[8,12,8.75,13],"texture":"#all","cullface":"east"},"up":{"uv":[8,12,9,12.75],"rotation":90,"texture":"#all","cullface":"east"},"down":{"uv":[8,12,9,12.75],"rotation":270,"texture":"#all","cullface":"east"}}},{"from":[16,2,5],"to":[16.5,3,7],"faces":{"north":{"uv":[10,13,10.75,14],"texture":"#all","cullface":"east"},"east":{"uv":[9,13,11,14],"texture":"#all","cullface":"east"},"south":{"uv":[9,13,9.75,14],"texture":"#all","cullface":"east"},"down":{"uv":[9,13,11,14],"rotation":270,"texture":"#all","cullface":"east"}}},{"from":[16,2,11],"to":[16.5,3,13],"faces":{"north":{"uv":[4,13,4.75,14],"texture":"#all","cullface":"east"},"east":{"uv":[3,13,5,14],"texture":"#all","cullface":"east"},"south":{"uv":[3,13,3.75,14],"texture":"#all","cullface":"east"},"up":{"uv":[3,13,5,13.75],"rotation":270,"texture":"#all","cullface":"east"},"down":{"uv":[3,13,5,13.75],"rotation":90,"texture":"#all","cullface":"east"}}},{"from":[16,7,13],"to":[16.5,8,15],"faces":{"north":{"uv":[2,8,2.75,9],"texture":"#all","cullface":"east"},"east":{"uv":[1,8,3,9],"texture":"#all","cullface":"east"},"south":{"uv":[1,8,1.75,9],"texture":"#all","cullface":"east"},"up":{"uv":[1,8,3,8.75],"rotation":270,"texture":"#all","cullface":"east"},"down":{"uv":[1,8,3,8.75],"rotation":90,"texture":"#all","cullface":"east"}}},{"from":[16,12,7],"to":[16.5,13,9],"faces":{"north":{"uv":[8,3,8.75,4],"texture":"#all","cullface":"east"},"east":{"uv":[7,3,9,4],"texture":"#all","cullface":"east"},"south":{"uv":[7,3,7.75,4],"texture":"#all","cullface":"east"},"up":{"uv":[7,3,9,3.75],"rotation":270,"texture":"#all","cullface":"east"},"down":{"uv":[7,3,9,3.75],"rotation":90,"texture":"#all","cullface":"east"}}},{"from":[16,13,2],"to":[16.5,14,4],"faces":{"north":{"uv":[13,2,13.75,3],"texture":"#all","cullface":"east"},"east":{"uv":[12,2,14,3],"texture":"#all","cullface":"east"},"south":{"uv":[12,2,12.75,3],"texture":"#all","cullface":"east"},"up":{"uv":[12,2,14,2.75],"rotation":270,"texture":"#all","cullface":"east"},"down":{"uv":[12,2,14,2.75],"rotation":90,"texture":"#all","cullface":"east"}}},{"from":[16,13,11],"to":[16.5,14,12],"faces":{"north":{"uv":[4,2,4.75,3],"texture":"#all","cullface":"east"},"east":{"uv":[4,2,5,3],"texture":"#all","cullface":"east"},"south":{"uv":[4,2,4.75,3],"texture":"#all","cullface":"east"},"up":{"uv":[4,2,5,2.75],"rotation":270,"texture":"#all","cullface":"east"},"down":{"uv":[4,2,5,2.75],"rotation":90,"texture":"#all","cullface":"east"}}},{"from":[16,5,11],"to":[16.5,6,12],"faces":{"north":{"uv":[4,10,4.75,11],"texture":"#all","cullface":"east"},"east":{"uv":[4,10,5,11],"texture":"#all","cullface":"east"},"south":{"uv":[4,10,4.75,11],"texture":"#all","cullface":"east"},"up":{"uv":[4,10,5,10.75],"rotation":270,"texture":"#all","cullface":"east"},"down":{"uv":[4,10,5,10.75],"rotation":90,"texture":"#all","cullface":"east"}}},{"from":[16,9,12],"to":[16.5,10,13],"faces":{"east":{"uv":[3,6,4,7],"texture":"#all","cullface":"east"},"south":{"uv":[3,6,3.75,7],"texture":"#all","cullface":"east"},"up":{"uv":[3,6,4,6.75],"rotation":270,"texture":"#all","cullface":"east"},"down":{"uv":[3,6,4,6.75],"rotation":90,"texture":"#all","cullface":"east"}}},{"from":[16,9,4],"to":[16.5,11,6],"faces":{"north":{"uv":[11,5,11.75,7],"texture":"#all","cullface":"east"},"east":{"uv":[10,5,12,7],"texture":"#all","cullface":"east"},"south":{"uv":[10,5,10.75,7],"texture":"#all","cullface":"east"},"up":{"uv":[10,5,12,5.75],"rotation":270,"texture":"#all","cullface":"east"},"down":{"uv":[10,6,12,6.75],"rotation":90,"texture":"#all","cullface":"east"}}},{"from":[16,3,3],"to":[16.75,4,7],"faces":{"north":{"uv":[12,12,13,13],"texture":"#all","cullface":"east"},"east":{"uv":[9,12,13,13],"texture":"#all","cullface":"east"},"south":{"uv":[9,12,10,13],"texture":"#all","cullface":"east"},"up":{"uv":[9,12,13,13],"rotation":270,"texture":"#all","cullface":"east"},"down":{"uv":[9,12,13,13],"rotation":90,"texture":"#all","cullface":"east"}}},{"from":[16,6,5],"to":[16.75,7,9],"faces":{"north":{"uv":[10,9,11,10],"texture":"#all","cullface":"east"},"east":{"uv":[7,9,11,10],"texture":"#all","cullface":"east"},"south":{"uv":[7,9,8,10],"texture":"#all","cullface":"east"},"up":{"uv":[7,9,11,10],"rotation":270,"texture":"#all","cullface":"east"},"down":{"uv":[7,9,11,10],"rotation":90,"texture":"#all","cullface":"east"}}},{"from":[16,9,8],"to":[16.75,10,12],"faces":{"north":{"uv":[7,6,8,7],"texture":"#all","cullface":"east"},"east":{"uv":[4,6,8,7],"texture":"#all","cullface":"east"},"south":{"uv":[4,6,5,7],"texture":"#all","cullface":"east"},"up":{"uv":[4,6,8,7],"rotation":270,"texture":"#all","cullface":"east"},"down":{"uv":[4,6,8,7],"rotation":90,"texture":"#all","cullface":"east"}}},{"from":[16,4,3],"to":[16.5,5,5],"faces":{"north":{"uv":[12,11,12.75,12],"texture":"#all","cullface":"east"},"east":{"uv":[11,11,13,12],"texture":"#all","cullface":"east"},"south":{"uv":[11,11,11.75,12],"texture":"#all","cullface":"east"},"up":{"uv":[11,11,13,11.75],"rotation":270,"texture":"#all","cullface":"east"}}},{"from":[16,7,6],"to":[16.5,8,8],"faces":{"north":{"uv":[9,8,9.75,9],"texture":"#all","cullface":"east"},"east":{"uv":[8,8,10,9],"texture":"#all","cullface":"east"},"south":{"uv":[8,8,8.75,9],"texture":"#all","cullface":"east"},"up":{"uv":[8,8,10,8.75],"rotation":270,"texture":"#all","cullface":"east"}}},{"from":[16,10,9],"to":[16.5,11,11],"faces":{"north":{"uv":[6,5,6.75,6],"texture":"#all","cullface":"east"},"east":{"uv":[5,5,7,6],"texture":"#all","cullface":"east"},"south":{"uv":[5,5,5.75,6],"texture":"#all","cullface":"east"},"up":{"uv":[5,5,7,5.75],"rotation":270,"texture":"#all","cullface":"east"}}},{"from":[16,3,2],"to":[16.5,4,3],"faces":{"north":{"uv":[13,12,13.75,13],"texture":"#all","cullface":"east"},"east":{"uv":[13,12,14,13],"texture":"#all","cullface":"east"},"up":{"uv":[13,12,14,12.75],"rotation":90,"texture":"#all","cullface":"east"},"down":{"uv":[13,12,14,12.75],"rotation":270,"texture":"#all","cullface":"east"}}},{"from":[8,-0.5,3],"to":[9,0,4],"faces":{"north":{"uv":[8,12,9,12.75],"texture":"#all","cullface":"down"},"south":{"uv":[8,12,9,12.75],"rotation":180,"texture":"#all","cullface":"down"},"west":{"uv":[8,12,8.75,13],"rotation":90,"texture":"#all","cullface":"down"},"down":{"uv":[8,12,9,13],"texture":"#all","cullface":"down"}}},{"from":[1,-0.5,7],"to":[3,0,8],"faces":{"north":{"uv":[1,8,3,8.75],"rotation":180,"texture":"#all","cullface":"down"},"east":{"uv":[2,8,2.75,9],"rotation":270,"texture":"#all","cullface":"down"},"south":{"uv":[1,8,3,8.75],"texture":"#all","cullface":"down"},"west":{"uv":[1,8,1.75,9],"rotation":90,"texture":"#all","cullface":"down"},"down":{"uv":[1,8,3,9],"texture":"#all","cullface":"down"}}},{"from":[7,-0.5,12],"to":[9,0,13],"faces":{"north":{"uv":[7,3,9,3.75],"rotation":180,"texture":"#all","cullface":"down"},"east":{"uv":[8,3,8.75,4],"rotation":270,"texture":"#all","cullface":"down"},"south":{"uv":[7,3,9,3.75],"texture":"#all","cullface":"down"},"west":{"uv":[7,3,7.75,4],"rotation":90,"texture":"#all","cullface":"down"},"down":{"uv":[7,3,9,4],"texture":"#all","cullface":"down"}}},{"from":[12,-0.5,13],"to":[14,0,14],"faces":{"north":{"uv":[12,2,14,2.75],"rotation":180,"texture":"#all","cullface":"down"},"east":{"uv":[13,2,13.75,3],"rotation":270,"texture":"#all","cullface":"down"},"south":{"uv":[12,2,14,2.75],"texture":"#all","cullface":"down"},"west":{"uv":[12,2,12.75,3],"rotation":90,"texture":"#all","cullface":"down"},"down":{"uv":[12,2,14,3],"texture":"#all","cullface":"down"}}},{"from":[4,-0.5,13],"to":[5,0,14],"faces":{"north":{"uv":[4,2,5,2.75],"rotation":180,"texture":"#all","cullface":"down"},"east":{"uv":[4,2,4.75,3],"rotation":270,"texture":"#all","cullface":"down"},"south":{"uv":[4,2,5,2.75],"texture":"#all","cullface":"down"},"west":{"uv":[4,2,4.75,3],"rotation":90,"texture":"#all","cullface":"down"},"down":{"uv":[4,2,5,3],"texture":"#all","cullface":"down"}}},{"from":[4,-0.5,5],"to":[5,0,6],"faces":{"north":{"uv":[4,10,5,10.75],"rotation":180,"texture":"#all","cullface":"down"},"east":{"uv":[4,10,4.75,11],"rotation":270,"texture":"#all","cullface":"down"},"south":{"uv":[4,10,5,10.75],"texture":"#all","cullface":"down"},"west":{"uv":[4,10,4.75,11],"rotation":90,"texture":"#all","cullface":"down"},"down":{"uv":[4,10,5,11],"texture":"#all","cullface":"down"}}},{"from":[3,-0.5,9],"to":[4,0,10],"faces":{"north":{"uv":[3,6,4,6.75],"rotation":180,"texture":"#all","cullface":"down"},"south":{"uv":[3,6,4,6.75],"texture":"#all","cullface":"down"},"west":{"uv":[3,6,3.75,7],"rotation":90,"texture":"#all","cullface":"down"},"down":{"uv":[3,6,4,7],"texture":"#all","cullface":"down"}}},{"from":[10,-0.5,9],"to":[12,0,11],"faces":{"north":{"uv":[10,6,12,6.75],"rotation":180,"texture":"#all","cullface":"down"},"east":{"uv":[11,5,11.75,7],"rotation":270,"texture":"#all","cullface":"down"},"south":{"uv":[10,5,12,5.75],"texture":"#all","cullface":"down"},"west":{"uv":[10,5,10.75,7],"rotation":90,"texture":"#all","cullface":"down"},"down":{"uv":[10,5,12,7],"texture":"#all","cullface":"down"}}},{"from":[9,-0.75,3],"to":[13,0,4],"faces":{"north":{"uv":[9,12,13,13],"rotation":180,"texture":"#all","cullface":"down"},"east":{"uv":[12,12,13,13],"rotation":270,"texture":"#all","cullface":"down"},"south":{"uv":[9,12,13,13],"texture":"#all","cullface":"down"},"west":{"uv":[9,12,10,13],"rotation":90,"texture":"#all","cullface":"down"},"down":{"uv":[9,12,13,13],"texture":"#all","cullface":"down"}}},{"from":[7,-0.75,6],"to":[11,0,7],"faces":{"north":{"uv":[7,9,11,10],"rotation":180,"texture":"#all","cullface":"down"},"east":{"uv":[10,9,11,10],"rotation":270,"texture":"#all","cullface":"down"},"south":{"uv":[7,9,11,10],"texture":"#all","cullface":"down"},"west":{"uv":[7,9,8,10],"rotation":90,"texture":"#all","cullface":"down"},"down":{"uv":[7,9,11,10],"texture":"#all","cullface":"down"}}},{"from":[4,-0.75,9],"to":[8,0,10],"faces":{"north":{"uv":[4,6,8,7],"rotation":180,"texture":"#all","cullface":"down"},"east":{"uv":[7,6,8,7],"rotation":270,"texture":"#all","cullface":"down"},"south":{"uv":[4,6,8,7],"texture":"#all","cullface":"down"},"west":{"uv":[4,6,5,7],"rotation":90,"texture":"#all","cullface":"down"},"down":{"uv":[4,6,8,7],"texture":"#all","cullface":"down"}}},{"from":[11,-0.5,4],"to":[13,0,5],"faces":{"east":{"uv":[12,11,12.75,12],"rotation":270,"texture":"#all","cullface":"down"},"south":{"uv":[11,11,13,11.75],"texture":"#all","cullface":"down"},"west":{"uv":[11,11,11.75,12],"rotation":90,"texture":"#all","cullface":"down"},"down":{"uv":[11,11,13,12],"texture":"#all","cullface":"down"}}},{"from":[8,-0.5,7],"to":[10,0,8],"faces":{"east":{"uv":[9,8,9.75,9],"rotation":270,"texture":"#all","cullface":"down"},"south":{"uv":[8,8,10,8.75],"texture":"#all","cullface":"down"},"west":{"uv":[8,8,8.75,9],"rotation":90,"texture":"#all","cullface":"down"},"down":{"uv":[8,8,10,9],"texture":"#all","cullface":"down"}}},{"from":[5,-0.5,10],"to":[7,0,11],"faces":{"east":{"uv":[6,5,6.75,6],"rotation":270,"texture":"#all","cullface":"down"},"south":{"uv":[5,5,7,5.75],"texture":"#all","cullface":"down"},"west":{"uv":[5,5,5.75,6],"rotation":90,"texture":"#all","cullface":"down"},"down":{"uv":[5,5,7,6],"texture":"#all","cullface":"down"}}},{"from":[13,-0.5,3],"to":[14,0,4],"faces":{"north":{"uv":[13,12,14,12.75],"texture":"#all","cullface":"down"},"east":{"uv":[13,12,13.75,13],"rotation":270,"texture":"#all","cullface":"down"},"south":{"uv":[13,12,14,12.75],"rotation":180,"texture":"#all","cullface":"down"},"down":{"uv":[13,12,14,13],"texture":"#all","cullface":"down"}}},{"from":[3,-0.5,2],"to":[5,0,3],"faces":{"north":{"uv":[3,13,5,13.75],"rotation":180,"texture":"#all","cullface":"down"},"east":{"uv":[4,13,4.75,14],"rotation":270,"texture":"#all","cullface":"down"},"south":{"uv":[3,13,5,13.75],"texture":"#all","cullface":"down"},"west":{"uv":[3,13,3.75,14],"rotation":90,"texture":"#all","cullface":"down"},"down":{"uv":[3,13,5,14],"texture":"#all","cullface":"down"}}},{"from":[9,-0.5,2],"to":[11,0,3],"faces":{"north":{"uv":[9,13,11,14],"texture":"#all","cullface":"down"},"east":{"uv":[10,13,10.75,14],"rotation":270,"texture":"#all","cullface":"down"},"west":{"uv":[9,13,9.75,14],"rotation":90,"texture":"#all","cullface":"down"},"down":{"uv":[9,13,11,14],"texture":"#all","cullface":"down"}}},{"from":[2,13,-0.5],"to":[4,14,0],"faces":{"north":{"uv":[12,2,14,3],"texture":"#all","cullface":"north"},"east":{"uv":[12,2,12.75,3],"texture":"#all","cullface":"north"},"west":{"uv":[13,2,13.75,3],"texture":"#all","cullface":"north"},"up":{"uv":[12,2,14,2.75],"rotation":180,"texture":"#all","cullface":"north"},"down":{"uv":[12,2,14,2.75],"rotation":180,"texture":"#all","cullface":"north"}}},{"from":[7,12,-0.5],"to":[9,13,0],"faces":{"north":{"uv":[7,3,9,4],"texture":"#all","cullface":"north"},"east":{"uv":[7,3,7.75,4],"texture":"#all","cullface":"north"},"west":{"uv":[8,3,8.75,4],"texture":"#all","cullface":"north"},"up":{"uv":[7,3,9,3.75],"rotation":180,"texture":"#all","cullface":"north"},"down":{"uv":[7,3,9,3.75],"rotation":180,"texture":"#all","cullface":"north"}}},{"from":[11,13,-0.5],"to":[12,14,0],"faces":{"north":{"uv":[4,2,5,3],"texture":"#all","cullface":"north"},"east":{"uv":[4,2,4.75,3],"texture":"#all","cullface":"north"},"west":{"uv":[4,2,4.75,3],"texture":"#all","cullface":"north"},"up":{"uv":[4,2,5,2.75],"rotation":180,"texture":"#all","cullface":"north"},"down":{"uv":[4,2,5,2.75],"rotation":180,"texture":"#all","cullface":"north"}}},{"from":[9,10,-0.5],"to":[11,11,0],"faces":{"north":{"uv":[5,5,7,6],"texture":"#all","cullface":"north"},"east":{"uv":[5,5,5.75,6],"texture":"#all","cullface":"north"},"west":{"uv":[6,5,6.75,6],"texture":"#all","cullface":"north"},"up":{"uv":[5,5,7,5.75],"rotation":180,"texture":"#all","cullface":"north"}}},{"from":[8,9,-0.75],"to":[12,10,0],"faces":{"north":{"uv":[4,6,8,7],"texture":"#all","cullface":"north"},"east":{"uv":[4,6,5,7],"texture":"#all","cullface":"north"},"west":{"uv":[7,6,8,7],"texture":"#all","cullface":"north"},"up":{"uv":[4,6,8,7],"rotation":180,"texture":"#all","cullface":"north"},"down":{"uv":[4,6,8,7],"rotation":180,"texture":"#all","cullface":"north"}}},{"from":[12,9,-0.5],"to":[13,10,0],"faces":{"north":{"uv":[3,6,4,7],"texture":"#all","cullface":"north"},"east":{"uv":[3,6,3.75,7],"texture":"#all","cullface":"north"},"up":{"uv":[3,6,4,6.75],"rotation":180,"texture":"#all","cullface":"north"},"down":{"uv":[3,6,4,6.75],"rotation":180,"texture":"#all","cullface":"north"}}},{"from":[13,7,-0.5],"to":[15,8,0],"faces":{"north":{"uv":[1,8,3,9],"texture":"#all","cullface":"north"},"east":{"uv":[1,8,1.75,9],"texture":"#all","cullface":"north"},"west":{"uv":[2,8,2.75,9],"texture":"#all","cullface":"north"},"up":{"uv":[1,8,3,8.75],"rotation":180,"texture":"#all","cullface":"north"},"down":{"uv":[1,8,3,8.75],"rotation":180,"texture":"#all","cullface":"north"}}},{"from":[11,5,-0.5],"to":[12,6,0],"faces":{"north":{"uv":[4,10,5,11],"texture":"#all","cullface":"north"},"east":{"uv":[4,10,4.75,11],"texture":"#all","cullface":"north"},"west":{"uv":[4,10,4.75,11],"texture":"#all","cullface":"north"},"up":{"uv":[4,10,5,10.75],"rotation":180,"texture":"#all","cullface":"north"},"down":{"uv":[4,10,5,10.75],"rotation":180,"texture":"#all","cullface":"north"}}},{"from":[11,2,-0.5],"to":[13,3,0],"faces":{"north":{"uv":[3,13,5,14],"texture":"#all","cullface":"north"},"east":{"uv":[3,13,3.75,14],"texture":"#all","cullface":"north"},"west":{"uv":[4,13,4.75,14],"texture":"#all","cullface":"north"},"up":{"uv":[3,13,5,13.75],"rotation":180,"texture":"#all","cullface":"north"},"down":{"uv":[3,13,5,13.75],"rotation":180,"texture":"#all","cullface":"north"}}},{"from":[7,3,-0.5],"to":[8,4,0],"faces":{"north":{"uv":[8,12,9,13],"texture":"#all","cullface":"north"},"east":{"uv":[8,12,8.75,13],"texture":"#all","cullface":"north"},"up":{"uv":[8,12,9,12.75],"texture":"#all","cullface":"north"},"down":{"uv":[8,12,9,12.75],"texture":"#all","cullface":"north"}}},{"from":[3,3,-0.75],"to":[7,4,0],"faces":{"north":{"uv":[9,12,13,13],"texture":"#all","cullface":"north"},"east":{"uv":[9,12,10,13],"texture":"#all","cullface":"north"},"west":{"uv":[12,12,13,13],"texture":"#all","cullface":"north"},"up":{"uv":[9,12,13,13],"rotation":180,"texture":"#all","cullface":"north"},"down":{"uv":[9,12,13,13],"rotation":180,"texture":"#all","cullface":"north"}}},{"from":[5,2,-0.5],"to":[7,3,0],"faces":{"north":{"uv":[9,13,11,14],"texture":"#all","cullface":"north"},"east":{"uv":[9,13,9.75,14],"texture":"#all","cullface":"north"},"west":{"uv":[10,13,10.75,14],"texture":"#all","cullface":"north"},"down":{"uv":[9,13,11,14],"texture":"#all","cullface":"north"}}},{"from":[2,3,-0.5],"to":[3,4,0],"faces":{"north":{"uv":[13,12,14,13],"texture":"#all","cullface":"north"},"west":{"uv":[13,12,13.75,13],"texture":"#all","cullface":"north"},"up":{"uv":[13,12,14,12.75],"texture":"#all","cullface":"north"},"down":{"uv":[13,12,14,12.75],"texture":"#all","cullface":"north"}}},{"from":[3,4,-0.5],"to":[5,5,0],"faces":{"north":{"uv":[11,11,13,12],"texture":"#all","cullface":"north"},"east":{"uv":[11,11,11.75,12],"texture":"#all","cullface":"north"},"west":{"uv":[12,11,12.75,12],"texture":"#all","cullface":"north"},"up":{"uv":[11,11,13,11.75],"rotation":180,"texture":"#all","cullface":"north"}}},{"from":[6,7,-0.5],"to":[8,8,0],"faces":{"north":{"uv":[8,8,10,9],"texture":"#all","cullface":"north"},"east":{"uv":[8,8,8.75,9],"texture":"#all","cullface":"north"},"west":{"uv":[9,8,9.75,9],"texture":"#all","cullface":"north"},"up":{"uv":[8,8,10,8.75],"rotation":180,"texture":"#all","cullface":"north"}}},{"from":[5,6,-0.75],"to":[9,7,0],"faces":{"north":{"uv":[7,9,11,10],"texture":"#all","cullface":"north"},"east":{"uv":[7,9,8,10],"texture":"#all","cullface":"north"},"west":{"uv":[10,9,11,10],"texture":"#all","cullface":"north"},"up":{"uv":[7,9,11,10],"rotation":180,"texture":"#all","cullface":"north"},"down":{"uv":[7,9,11,10],"rotation":180,"texture":"#all","cullface":"north"}}},{"from":[4,9,-0.5],"to":[6,11,0],"faces":{"north":{"uv":[10,5,12,7],"texture":"#all","cullface":"north"},"east":{"uv":[10,5,10.75,7],"texture":"#all","cullface":"north"},"west":{"uv":[11,5,11.75,7],"texture":"#all","cullface":"north"},"up":{"uv":[10,5,12,5.75],"rotation":180,"texture":"#all","cullface":"north"},"down":{"uv":[10,6,12,6.75],"rotation":180,"texture":"#all","cullface":"north"}}},{"from":[8,16,12],"to":[9,16.5,13],"faces":{"north":{"uv":[8,12,9,12.75],"texture":"#all","cullface":"up"},"south":{"uv":[8,12,9,12.75],"rotation":180,"texture":"#all","cullface":"up"},"west":{"uv":[8,12,8.75,13],"rotation":270,"texture":"#all","cullface":"up"},"up":{"uv":[8,12,9,13],"texture":"#all","cullface":"up"}}},{"from":[12,16,2],"to":[14,16.5,3],"faces":{"north":{"uv":[12,2,14,2.75],"rotation":180,"texture":"#all","cullface":"up"},"east":{"uv":[13,2,13.75,3],"rotation":90,"texture":"#all","cullface":"up"},"south":{"uv":[12,2,14,2.75],"texture":"#all","cullface":"up"},"west":{"uv":[12,2,12.75,3],"rotation":270,"texture":"#all","cullface":"up"},"up":{"uv":[12,2,14,3],"texture":"#all","cullface":"up"}}},{"from":[4,16,2],"to":[5,16.5,3],"faces":{"north":{"uv":[4,2,5,2.75],"rotation":180,"texture":"#all","cullface":"up"},"east":{"uv":[4,2,4.75,3],"rotation":90,"texture":"#all","cullface":"up"},"south":{"uv":[4,2,5,2.75],"texture":"#all","cullface":"up"},"west":{"uv":[4,2,4.75,3],"rotation":270,"texture":"#all","cullface":"up"},"up":{"uv":[4,2,5,3],"texture":"#all","cullface":"up"}}},{"from":[4,16,10],"to":[5,16.5,11],"faces":{"north":{"uv":[4,10,5,10.75],"rotation":180,"texture":"#all","cullface":"up"},"east":{"uv":[4,10,4.75,11],"rotation":90,"texture":"#all","cullface":"up"},"south":{"uv":[4,10,5,10.75],"texture":"#all","cullface":"up"},"west":{"uv":[4,10,4.75,11],"rotation":270,"texture":"#all","cullface":"up"},"up":{"uv":[4,10,5,11],"texture":"#all","cullface":"up"}}},{"from":[3,16,6],"to":[4,16.5,7],"faces":{"north":{"uv":[3,6,4,6.75],"rotation":180,"texture":"#all","cullface":"up"},"south":{"uv":[3,6,4,6.75],"texture":"#all","cullface":"up"},"west":{"uv":[3,6,3.75,7],"rotation":270,"texture":"#all","cullface":"up"},"up":{"uv":[3,6,4,7],"texture":"#all","cullface":"up"}}},{"from":[10,16,5],"to":[12,16.5,7],"faces":{"north":{"uv":[10,5,12,5.75],"rotation":180,"texture":"#all","cullface":"up"},"east":{"uv":[11,5,11.75,7],"rotation":90,"texture":"#all","cullface":"up"},"south":{"uv":[10,6,12,6.75],"texture":"#all","cullface":"up"},"west":{"uv":[10,5,10.75,7],"rotation":270,"texture":"#all","cullface":"up"},"up":{"uv":[10,5,12,7],"texture":"#all","cullface":"up"}}},{"from":[9,16,12],"to":[13,16.75,13],"faces":{"north":{"uv":[9,12,13,13],"rotation":180,"texture":"#all","cullface":"up"},"east":{"uv":[12,12,13,13],"rotation":90,"texture":"#all","cullface":"up"},"south":{"uv":[9,12,13,13],"texture":"#all","cullface":"up"},"west":{"uv":[9,12,10,13],"rotation":270,"texture":"#all","cullface":"up"},"up":{"uv":[9,12,13,13],"texture":"#all","cullface":"up"}}},{"from":[7,16,9],"to":[11,16.75,10],"faces":{"north":{"uv":[7,9,11,10],"rotation":180,"texture":"#all","cullface":"up"},"east":{"uv":[10,9,11,10],"rotation":90,"texture":"#all","cullface":"up"},"south":{"uv":[7,9,11,10],"texture":"#all","cullface":"up"},"west":{"uv":[7,9,8,10],"rotation":270,"texture":"#all","cullface":"up"},"up":{"uv":[7,9,11,10],"texture":"#all","cullface":"up"}}},{"from":[4,16,6],"to":[8,16.75,7],"faces":{"north":{"uv":[4,6,8,7],"rotation":180,"texture":"#all","cullface":"up"},"east":{"uv":[7,6,8,7],"rotation":90,"texture":"#all","cullface":"up"},"south":{"uv":[4,6,8,7],"texture":"#all","cullface":"up"},"west":{"uv":[4,6,5,7],"rotation":270,"texture":"#all","cullface":"up"},"up":{"uv":[4,6,8,7],"texture":"#all","cullface":"up"}}},{"from":[11,16,11],"to":[13,16.5,12],"faces":{"north":{"uv":[11,11,13,11.75],"rotation":180,"texture":"#all","cullface":"up"},"east":{"uv":[12,11,12.75,12],"rotation":90,"texture":"#all","cullface":"up"},"west":{"uv":[11,11,11.75,12],"rotation":270,"texture":"#all","cullface":"up"},"up":{"uv":[11,11,13,12],"texture":"#all","cullface":"up"}}},{"from":[8,16,8],"to":[10,16.5,9],"faces":{"north":{"uv":[8,8,10,8.75],"rotation":180,"texture":"#all","cullface":"up"},"east":{"uv":[9,8,9.75,9],"rotation":90,"texture":"#all","cullface":"up"},"west":{"uv":[8,8,8.75,9],"rotation":270,"texture":"#all","cullface":"up"},"up":{"uv":[8,8,10,9],"texture":"#all","cullface":"up"}}},{"from":[5,16,5],"to":[7,16.5,6],"faces":{"north":{"uv":[5,5,7,5.75],"rotation":180,"texture":"#all","cullface":"up"},"east":{"uv":[6,5,6.75,6],"rotation":90,"texture":"#all","cullface":"up"},"west":{"uv":[5,5,5.75,6],"rotation":270,"texture":"#all","cullface":"up"},"up":{"uv":[5,5,7,6],"texture":"#all","cullface":"up"}}},{"from":[13,16,12],"to":[14,16.5,13],"faces":{"north":{"uv":[13,12,14,12.75],"texture":"#all","cullface":"up"},"east":{"uv":[13,12,13.75,13],"rotation":90,"texture":"#all","cullface":"up"},"south":{"uv":[13,12,14,12.75],"rotation":180,"texture":"#all","cullface":"up"},"up":{"uv":[13,12,14,13],"texture":"#all","cullface":"up"}}},{"from":[7,16,3],"to":[9,16.5,4],"faces":{"north":{"uv":[7,3,9,3.75],"rotation":180,"texture":"#all","cullface":"up"},"east":{"uv":[8,3,8.75,4],"rotation":90,"texture":"#all","cullface":"up"},"south":{"uv":[7,3,9,3.75],"texture":"#all","cullface":"up"},"west":{"uv":[7,3,7.75,4],"rotation":270,"texture":"#all","cullface":"up"},"up":{"uv":[7,3,9,4],"texture":"#all","cullface":"up"}}},{"from":[1,16,8],"to":[3,16.5,9],"faces":{"north":{"uv":[1,8,3,8.75],"rotation":180,"texture":"#all","cullface":"up"},"east":{"uv":[2,8,2.75,9],"rotation":90,"texture":"#all","cullface":"up"},"south":{"uv":[1,8,3,8.75],"texture":"#all","cullface":"up"},"west":{"uv":[1,8,1.75,9],"rotation":270,"texture":"#all","cullface":"up"},"up":{"uv":[1,8,3,9],"texture":"#all","cullface":"up"}}},{"from":[3,16,13],"to":[5,16.5,14],"faces":{"north":{"uv":[3,13,5,13.75],"rotation":180,"texture":"#all","cullface":"up"},"east":{"uv":[4,13,4.75,14],"rotation":90,"texture":"#all","cullface":"up"},"south":{"uv":[3,13,5,13.75],"texture":"#all","cullface":"up"},"west":{"uv":[3,13,3.75,14],"rotation":270,"texture":"#all","cullface":"up"},"up":{"uv":[3,13,5,14],"texture":"#all","cullface":"up"}}},{"from":[9,16,13],"to":[11,16.5,14],"faces":{"east":{"uv":[10,13,10.75,14],"rotation":90,"texture":"#all","cullface":"up"},"south":{"uv":[9,13,11,14],"rotation":180,"texture":"#all","cullface":"up"},"west":{"uv":[9,13,9.75,14],"rotation":270,"texture":"#all","cullface":"up"},"up":{"uv":[9,13,11,14],"texture":"#all","cullface":"up"}}}]}