{"parent":"display/block_inside","textures":{"particle":"#all"},"elements":[{"from":[0,0,0],"to":[16,16,16],"faces":{"north":{"uv":[0,0,16,16],"texture":"#all","cullface":"north"},"east":{"uv":[0,0,16,16],"texture":"#all","cullface":"east"},"south":{"uv":[0,0,16,16],"texture":"#all","cullface":"south"},"west":{"uv":[0,0,16,16],"texture":"#all","cullface":"west"},"up":{"uv":[0,0,16,16],"texture":"#all","cullface":"up"},"down":{"uv":[0,0,16,16],"texture":"#all","cullface":"down"}}},{"from":[10,1,-0.75],"to":[12,3,0],"rotation":{"angle":0,"axis":"y","origin":[8,8,8]},"faces":{"north":{"uv":[4,13,6,15],"texture":"#all","cullface":"north"},"east":{"uv":[4,13,5,15],"texture":"#all","cullface":"north"},"west":{"uv":[5,13,6,15],"texture":"#all","cullface":"north"},"up":{"uv":[6,13,4,14],"texture":"#all","cullface":"north"},"down":{"uv":[6,14,4,15],"texture":"#all","cullface":"north"}}},{"from":[13,6,-0.75],"to":[15,8,0],"rotation":{"angle":0,"axis":"y","origin":[8,8,8]},"faces":{"north":{"uv":[1,8,3,10],"texture":"#all","cullface":"north"},"east":{"uv":[1,8,2,10],"texture":"#all","cullface":"north"},"west":{"uv":[2,8,3,10],"texture":"#all","cullface":"north"},"up":{"uv":[3,8,1,9],"texture":"#all","cullface":"north"},"down":{"uv":[3,9,1,10],"texture":"#all","cullface":"north"}}},{"from":[4,12,-0.75],"to":[6,14,0],"rotation":{"angle":0,"axis":"y","origin":[8,8,8]},"faces":{"north":{"uv":[10,2,12,4],"texture":"#all","cullface":"north"},"east":{"uv":[10,2,11,4],"texture":"#all","cullface":"north"},"west":{"uv":[11,2,12,4],"texture":"#all","cullface":"north"},"up":{"uv":[12,2,10,3],"texture":"#all","cullface":"north"},"down":{"uv":[12,3,10,4],"texture":"#all","cullface":"north"}}},{"from":[1,7,-0.75],"to":[3,9,0],"rotation":{"angle":0,"axis":"y","origin":[8,8,8]},"faces":{"north":{"uv":[13,7,15,9],"texture":"#all","cullface":"north"},"east":{"uv":[13,7,14,9],"texture":"#all","cullface":"north"},"west":{"uv":[14,7,15,9],"texture":"#all","cullface":"north"},"up":{"uv":[15,7,13,8],"texture":"#all","cullface":"north"},"down":{"uv":[15,8,13,9],"texture":"#all","cullface":"north"}}},{"from":[12,12,-0.75],"to":[14,14,0],"rotation":{"angle":0,"axis":"y","origin":[8,8,8]},"faces":{"north":{"uv":[2,2,4,4],"texture":"#all","cullface":"north"},"east":{"uv":[2,2,3,4],"texture":"#all","cullface":"north"},"west":{"uv":[3,2,4,4],"texture":"#all","cullface":"north"},"up":{"uv":[4,2,2,3],"texture":"#all","cullface":"north"},"down":{"uv":[4,3,2,4],"texture":"#all","cullface":"north"}}},{"from":[10,7,-0.5],"to":[12,10,0],"rotation":{"angle":0,"axis":"y","origin":[8,8,8]},"faces":{"north":{"uv":[4,6,6,9],"texture":"#all","cullface":"north"},"east":{"uv":[4,6,5,9],"texture":"#all","cullface":"north"},"west":{"uv":[5,6,6,9],"texture":"#all","cullface":"north"},"up":{"uv":[6,6,4,7],"texture":"#all","cullface":"north"},"down":{"uv":[6,8,4,9],"texture":"#all","cullface":"north"}}},{"from":[3,3,-0.5],"to":[8,5,0],"rotation":{"angle":0,"axis":"y","origin":[8,8,8]},"faces":{"north":{"uv":[8,11,13,13],"texture":"#all","cullface":"north"},"east":{"uv":[8,11,9,13],"texture":"#all","cullface":"north"},"west":{"uv":[12,11,13,13],"texture":"#all","cullface":"north"},"up":{"uv":[13,11,8,12],"texture":"#all","cullface":"north"},"down":{"uv":[13,12,8,13],"texture":"#all","cullface":"north"}}},{"from":[8,8,-0.5],"to":[11,11,0],"rotation":{"angle":0,"axis":"y","origin":[8,8,8]},"faces":{"north":{"uv":[5,5,8,8],"texture":"#all","cullface":"north"},"east":{"uv":[5,5,6,8],"texture":"#all","cullface":"north"},"west":{"uv":[7,5,8,8],"texture":"#all","cullface":"north"},"up":{"uv":[8,5,5,6],"texture":"#all","cullface":"north"},"down":{"uv":[8,7,5,8],"texture":"#all","cullface":"north"}}},{"from":[5,5,-0.5],"to":[7,6,0],"rotation":{"angle":0,"axis":"y","origin":[8,8,8]},"faces":{"north":{"uv":[9,10,11,11],"texture":"#all","cullface":"north"},"east":{"uv":[9,10,10,11],"texture":"#all","cullface":"north"},"west":{"uv":[10,10,11,11],"texture":"#all","cullface":"north"},"up":{"uv":[9,10,11,11],"texture":"#all","cullface":"north"}}},{"from":[5,2,-0.5],"to":[6,3,0],"rotation":{"angle":0,"axis":"y","origin":[8,8,8]},"faces":{"north":{"uv":[10,13,11,14],"texture":"#all","cullface":"north"},"east":{"uv":[10,13,11,14],"texture":"#all","cullface":"north"},"west":{"uv":[10,13,11,14],"texture":"#all","cullface":"north"},"down":{"uv":[10,13,11,14],"texture":"#all","cullface":"north"}}},{"from":[-0.75,1,4],"to":[0,3,6],"rotation":{"angle":0,"axis":"y","origin":[8,8,8]},"faces":{"north":{"uv":[4,13,5,15],"texture":"#all","cullface":"west"},"south":{"uv":[5,13,6,15],"texture":"#all","cullface":"west"},"west":{"uv":[4,13,6,15],"texture":"#all","cullface":"west"},"up":{"uv":[6,13,4,14],"rotation":270,"texture":"#all","cullface":"west"},"down":{"uv":[6,14,4,15],"rotation":90,"texture":"#all","cullface":"west"}}},{"from":[-0.75,7,13],"to":[0,9,15],"rotation":{"angle":0,"axis":"y","origin":[8,8,8]},"faces":{"north":{"uv":[13,7,14,9],"texture":"#all","cullface":"west"},"south":{"uv":[14,7,15,9],"texture":"#all","cullface":"west"},"west":{"uv":[13,7,15,9],"texture":"#all","cullface":"west"},"up":{"uv":[15,7,13,8],"rotation":270,"texture":"#all","cullface":"west"},"down":{"uv":[15,8,13,9],"rotation":90,"texture":"#all","cullface":"west"}}},{"from":[-0.5,7,4],"to":[0,10,6],"rotation":{"angle":0,"axis":"y","origin":[8,8,8]},"faces":{"north":{"uv":[4,6,5,9],"texture":"#all","cullface":"west"},"south":{"uv":[5,6,6,9],"texture":"#all","cullface":"west"},"west":{"uv":[4,6,6,9],"texture":"#all","cullface":"west"},"up":{"uv":[6,6,4,7],"rotation":270,"texture":"#all","cullface":"west"},"down":{"uv":[6,8,4,9],"rotation":90,"texture":"#all","cullface":"west"}}},{"from":[-0.5,3,8],"to":[0,5,13],"rotation":{"angle":0,"axis":"y","origin":[8,8,8]},"faces":{"north":{"uv":[8,11,9,13],"texture":"#all","cullface":"west"},"south":{"uv":[12,11,13,13],"texture":"#all","cullface":"west"},"west":{"uv":[8,11,13,13],"texture":"#all","cullface":"west"},"up":{"uv":[13,11,8,12],"rotation":270,"texture":"#all","cullface":"west"},"down":{"uv":[13,12,8,13],"rotation":90,"texture":"#all","cullface":"west"}}},{"from":[-0.5,5,9],"to":[0,6,11],"rotation":{"angle":0,"axis":"y","origin":[8,8,8]},"faces":{"north":{"uv":[9,10,10,11],"texture":"#all","cullface":"west"},"south":{"uv":[10,10,11,11],"texture":"#all","cullface":"west"},"west":{"uv":[9,10,11,11],"texture":"#all","cullface":"west"},"up":{"uv":[9,10,11,11],"rotation":270,"texture":"#all","cullface":"west"}}},{"from":[-0.5,2,10],"to":[0,3,11],"rotation":{"angle":0,"axis":"y","origin":[8,8,8]},"faces":{"north":{"uv":[10,13,11,14],"texture":"#all","cullface":"west"},"south":{"uv":[10,13,11,14],"texture":"#all","cullface":"west"},"west":{"uv":[10,13,11,14],"texture":"#all","cullface":"west"},"down":{"uv":[10,13,11,14],"rotation":90,"texture":"#all","cullface":"west"}}},{"from":[-0.5,8,5],"to":[0,11,8],"rotation":{"angle":0,"axis":"y","origin":[8,8,8]},"faces":{"north":{"uv":[5,5,6,8],"texture":"#all","cullface":"west"},"south":{"uv":[7,5,8,8],"texture":"#all","cullface":"west"},"west":{"uv":[5,5,8,8],"texture":"#all","cullface":"west"},"up":{"uv":[8,5,5,6],"rotation":270,"texture":"#all","cullface":"west"},"down":{"uv":[8,7,5,8],"rotation":90,"texture":"#all","cullface":"west"}}},{"from":[-0.75,6,1],"to":[0,8,3],"rotation":{"angle":0,"axis":"y","origin":[8,8,8]},"faces":{"north":{"uv":[1,8,2,10],"texture":"#all","cullface":"west"},"south":{"uv":[2,8,3,10],"texture":"#all","cullface":"west"},"west":{"uv":[1,8,3,10],"texture":"#all","cullface":"west"},"up":{"uv":[3,8,1,9],"rotation":270,"texture":"#all","cullface":"west"},"down":{"uv":[3,9,1,10],"rotation":90,"texture":"#all","cullface":"west"}}},{"from":[-0.75,12,10],"to":[0,14,12],"rotation":{"angle":0,"axis":"y","origin":[8,8,8]},"faces":{"north":{"uv":[10,2,11,4],"texture":"#all","cullface":"west"},"south":{"uv":[11,2,12,4],"texture":"#all","cullface":"west"},"west":{"uv":[10,2,12,4],"texture":"#all","cullface":"west"},"up":{"uv":[12,2,10,3],"rotation":270,"texture":"#all","cullface":"west"},"down":{"uv":[12,3,10,4],"rotation":90,"texture":"#all","cullface":"west"}}},{"from":[-0.75,12,2],"to":[0,14,4],"rotation":{"angle":0,"axis":"y","origin":[8,8,8]},"faces":{"north":{"uv":[2,2,3,4],"texture":"#all","cullface":"west"},"south":{"uv":[3,2,4,4],"texture":"#all","cullface":"west"},"west":{"uv":[2,2,4,4],"texture":"#all","cullface":"west"},"up":{"uv":[4,2,2,3],"rotation":270,"texture":"#all","cullface":"west"},"down":{"uv":[4,3,2,4],"rotation":90,"texture":"#all","cullface":"west"}}},{"from":[4,1,16],"to":[6,3,16.75],"rotation":{"angle":0,"axis":"y","origin":[8,8,8]},"faces":{"east":{"uv":[5,13,6,15],"texture":"#all","cullface":"south"},"south":{"uv":[4,13,6,15],"texture":"#all","cullface":"south"},"west":{"uv":[4,13,5,15],"texture":"#all","cullface":"south"},"up":{"uv":[6,13,4,14],"rotation":180,"texture":"#all","cullface":"south"},"down":{"uv":[6,14,4,15],"rotation":180,"texture":"#all","cullface":"south"}}},{"from":[13,7,16],"to":[15,9,16.75],"rotation":{"angle":0,"axis":"y","origin":[8,8,8]},"faces":{"east":{"uv":[14,7,15,9],"texture":"#all","cullface":"south"},"south":{"uv":[13,7,15,9],"texture":"#all","cullface":"south"},"west":{"uv":[13,7,14,9],"texture":"#all","cullface":"south"},"up":{"uv":[15,7,13,8],"rotation":180,"texture":"#all","cullface":"south"},"down":{"uv":[15,8,13,9],"rotation":180,"texture":"#all","cullface":"south"}}},{"from":[4,7,16],"to":[6,10,16.5],"rotation":{"angle":0,"axis":"y","origin":[8,8,8]},"faces":{"east":{"uv":[5,6,6,9],"texture":"#all","cullface":"south"},"south":{"uv":[4,6,6,9],"texture":"#all","cullface":"south"},"west":{"uv":[4,6,5,9],"texture":"#all","cullface":"south"},"up":{"uv":[6,6,4,7],"rotation":180,"texture":"#all","cullface":"south"},"down":{"uv":[6,8,4,9],"rotation":180,"texture":"#all","cullface":"south"}}},{"from":[8,3,16],"to":[13,5,16.5],"rotation":{"angle":0,"axis":"y","origin":[8,8,8]},"faces":{"east":{"uv":[12,11,13,13],"texture":"#all","cullface":"south"},"south":{"uv":[8,11,13,13],"texture":"#all","cullface":"south"},"west":{"uv":[8,11,9,13],"texture":"#all","cullface":"south"},"up":{"uv":[13,11,8,12],"rotation":180,"texture":"#all","cullface":"south"},"down":{"uv":[13,12,8,13],"rotation":180,"texture":"#all","cullface":"south"}}},{"from":[9,5,16],"to":[11,6,16.5],"rotation":{"angle":0,"axis":"y","origin":[8,8,8]},"faces":{"east":{"uv":[10,10,11,11],"texture":"#all","cullface":"south"},"south":{"uv":[9,10,11,11],"texture":"#all","cullface":"south"},"west":{"uv":[9,10,10,11],"texture":"#all","cullface":"south"},"up":{"uv":[9,10,11,11],"rotation":180,"texture":"#all","cullface":"south"}}},{"from":[10,2,16],"to":[11,3,16.5],"rotation":{"angle":0,"axis":"y","origin":[8,8,8]},"faces":{"east":{"uv":[10,13,11,14],"texture":"#all","cullface":"south"},"south":{"uv":[10,13,11,14],"texture":"#all","cullface":"south"},"west":{"uv":[10,13,11,14],"texture":"#all","cullface":"south"},"down":{"uv":[10,13,11,14],"rotation":180,"texture":"#all","cullface":"south"}}},{"from":[5,8,16],"to":[8,11,16.5],"rotation":{"angle":0,"axis":"y","origin":[8,8,8]},"faces":{"east":{"uv":[7,5,8,8],"texture":"#all","cullface":"south"},"south":{"uv":[5,5,8,8],"texture":"#all","cullface":"south"},"west":{"uv":[5,5,6,8],"texture":"#all","cullface":"south"},"up":{"uv":[8,5,5,6],"rotation":180,"texture":"#all","cullface":"south"},"down":{"uv":[8,7,5,8],"rotation":180,"texture":"#all","cullface":"south"}}},{"from":[1,6,16],"to":[3,8,16.75],"rotation":{"angle":0,"axis":"y","origin":[8,8,8]},"faces":{"east":{"uv":[2,8,3,10],"texture":"#all","cullface":"south"},"south":{"uv":[1,8,3,10],"texture":"#all","cullface":"south"},"west":{"uv":[1,8,2,10],"texture":"#all","cullface":"south"},"up":{"uv":[3,8,1,9],"rotation":180,"texture":"#all","cullface":"south"},"down":{"uv":[3,9,1,10],"rotation":180,"texture":"#all","cullface":"south"}}},{"from":[10,12,16],"to":[12,14,16.75],"rotation":{"angle":0,"axis":"y","origin":[8,8,8]},"faces":{"east":{"uv":[11,2,12,4],"texture":"#all","cullface":"south"},"south":{"uv":[10,2,12,4],"texture":"#all","cullface":"south"},"west":{"uv":[10,2,11,4],"texture":"#all","cullface":"south"},"up":{"uv":[12,2,10,3],"rotation":180,"texture":"#all","cullface":"south"},"down":{"uv":[12,3,10,4],"rotation":180,"texture":"#all","cullface":"south"}}},{"from":[2,12,16],"to":[4,14,16.75],"rotation":{"angle":0,"axis":"y","origin":[8,8,8]},"faces":{"east":{"uv":[3,2,4,4],"texture":"#all","cullface":"south"},"south":{"uv":[2,2,4,4],"texture":"#all","cullface":"south"},"west":{"uv":[2,2,3,4],"texture":"#all","cullface":"south"},"up":{"uv":[4,2,2,3],"rotation":180,"texture":"#all","cullface":"south"},"down":{"uv":[4,3,2,4],"rotation":180,"texture":"#all","cullface":"south"}}},{"from":[16,1,10],"to":[16.75,3,12],"rotation":{"angle":0,"axis":"y","origin":[8,8,8]},"faces":{"north":{"uv":[5,13,6,15],"texture":"#all","cullface":"east"},"east":{"uv":[4,13,6,15],"texture":"#all","cullface":"east"},"south":{"uv":[4,13,5,15],"texture":"#all","cullface":"east"},"up":{"uv":[6,13,4,14],"rotation":90,"texture":"#all","cullface":"east"},"down":{"uv":[6,14,4,15],"rotation":270,"texture":"#all","cullface":"east"}}},{"from":[16,7,1],"to":[16.75,9,3],"rotation":{"angle":0,"axis":"y","origin":[8,8,8]},"faces":{"north":{"uv":[14,7,15,9],"texture":"#all","cullface":"east"},"east":{"uv":[13,7,15,9],"texture":"#all","cullface":"east"},"south":{"uv":[13,7,14,9],"texture":"#all","cullface":"east"},"up":{"uv":[15,7,13,8],"rotation":90,"texture":"#all","cullface":"east"},"down":{"uv":[15,8,13,9],"rotation":270,"texture":"#all","cullface":"east"}}},{"from":[16,7,10],"to":[16.5,10,12],"rotation":{"angle":0,"axis":"y","origin":[8,8,8]},"faces":{"north":{"uv":[5,6,6,9],"texture":"#all","cullface":"east"},"east":{"uv":[4,6,6,9],"texture":"#all","cullface":"east"},"south":{"uv":[4,6,5,9],"texture":"#all","cullface":"east"},"up":{"uv":[6,6,4,7],"rotation":90,"texture":"#all","cullface":"east"},"down":{"uv":[6,8,4,9],"rotation":270,"texture":"#all","cullface":"east"}}},{"from":[16,3,3],"to":[16.5,5,8],"rotation":{"angle":0,"axis":"y","origin":[8,8,8]},"faces":{"north":{"uv":[12,11,13,13],"texture":"#all","cullface":"east"},"east":{"uv":[8,11,13,13],"texture":"#all","cullface":"east"},"south":{"uv":[8,11,9,13],"texture":"#all","cullface":"east"},"up":{"uv":[13,11,8,12],"rotation":90,"texture":"#all","cullface":"east"},"down":{"uv":[13,12,8,13],"rotation":270,"texture":"#all","cullface":"east"}}},{"from":[16,5,5],"to":[16.5,6,7],"rotation":{"angle":0,"axis":"y","origin":[8,8,8]},"faces":{"north":{"uv":[10,10,11,11],"texture":"#all","cullface":"east"},"east":{"uv":[9,10,11,11],"texture":"#all","cullface":"east"},"south":{"uv":[9,10,10,11],"texture":"#all","cullface":"east"},"up":{"uv":[9,10,11,11],"rotation":90,"texture":"#all","cullface":"east"}}},{"from":[16,2,5],"to":[16.5,3,6],"rotation":{"angle":0,"axis":"y","origin":[8,8,8]},"faces":{"north":{"uv":[10,13,11,14],"texture":"#all","cullface":"east"},"east":{"uv":[10,13,11,14],"texture":"#all","cullface":"east"},"south":{"uv":[10,13,11,14],"texture":"#all","cullface":"east"},"down":{"uv":[10,13,11,14],"rotation":270,"texture":"#all","cullface":"east"}}},{"from":[16,8,8],"to":[16.5,11,11],"rotation":{"angle":0,"axis":"y","origin":[8,8,8]},"faces":{"north":{"uv":[7,5,8,8],"texture":"#all","cullface":"east"},"east":{"uv":[5,5,8,8],"texture":"#all","cullface":"east"},"south":{"uv":[5,5,6,8],"texture":"#all","cullface":"east"},"up":{"uv":[8,5,5,6],"rotation":90,"texture":"#all","cullface":"east"},"down":{"uv":[8,7,5,8],"rotation":270,"texture":"#all","cullface":"east"}}},{"from":[16,6,13],"to":[16.75,8,15],"rotation":{"angle":0,"axis":"y","origin":[8,8,8]},"faces":{"north":{"uv":[2,8,3,10],"texture":"#all","cullface":"east"},"east":{"uv":[1,8,3,10],"texture":"#all","cullface":"east"},"south":{"uv":[1,8,2,10],"texture":"#all","cullface":"east"},"up":{"uv":[3,8,1,9],"rotation":90,"texture":"#all","cullface":"east"},"down":{"uv":[3,9,1,10],"rotation":270,"texture":"#all","cullface":"east"}}},{"from":[16,12,4],"to":[16.75,14,6],"rotation":{"angle":0,"axis":"y","origin":[8,8,8]},"faces":{"north":{"uv":[11,2,12,4],"texture":"#all","cullface":"east"},"east":{"uv":[10,2,12,4],"texture":"#all","cullface":"east"},"south":{"uv":[10,2,11,4],"texture":"#all","cullface":"east"},"up":{"uv":[12,2,10,3],"rotation":90,"texture":"#all","cullface":"east"},"down":{"uv":[12,3,10,4],"rotation":270,"texture":"#all","cullface":"east"}}},{"from":[16,12,12],"to":[16.75,14,14],"rotation":{"angle":0,"axis":"y","origin":[8,8,8]},"faces":{"north":{"uv":[3,2,4,4],"texture":"#all","cullface":"east"},"east":{"uv":[2,2,4,4],"texture":"#all","cullface":"east"},"south":{"uv":[2,2,3,4],"texture":"#all","cullface":"east"},"up":{"uv":[4,2,2,3],"rotation":90,"texture":"#all","cullface":"east"},"down":{"uv":[4,3,2,4],"rotation":270,"texture":"#all","cullface":"east"}}},{"from":[4,16,13],"to":[6,16.75,15],"rotation":{"angle":0,"axis":"x","origin":[8,8,8]},"faces":{"north":{"uv":[6,13,4,14],"texture":"#all","cullface":"up"},"east":{"uv":[5,13,6,15],"rotation":90,"texture":"#all","cullface":"up"},"south":{"uv":[6,14,4,15],"rotation":180,"texture":"#all","cullface":"up"},"west":{"uv":[4,13,5,15],"rotation":270,"texture":"#all","cullface":"up"},"up":{"uv":[4,13,6,15],"texture":"#all","cullface":"up"}}},{"from":[13,16,7],"to":[15,16.75,9],"rotation":{"angle":0,"axis":"x","origin":[8,8,8]},"faces":{"north":{"uv":[15,7,13,8],"texture":"#all","cullface":"up"},"east":{"uv":[14,7,15,9],"rotation":90,"texture":"#all","cullface":"up"},"south":{"uv":[15,8,13,9],"rotation":180,"texture":"#all","cullface":"up"},"west":{"uv":[13,7,14,9],"rotation":270,"texture":"#all","cullface":"up"},"up":{"uv":[13,7,15,9],"texture":"#all","cullface":"up"}}},{"from":[4,16,6],"to":[6,16.5,9],"rotation":{"angle":0,"axis":"x","origin":[8,8,8]},"faces":{"north":{"uv":[6,6,4,7],"texture":"#all","cullface":"up"},"east":{"uv":[5,6,6,9],"rotation":90,"texture":"#all","cullface":"up"},"south":{"uv":[6,8,4,9],"rotation":180,"texture":"#all","cullface":"up"},"west":{"uv":[4,6,5,9],"rotation":270,"texture":"#all","cullface":"up"},"up":{"uv":[4,6,6,9],"texture":"#all","cullface":"up"}}},{"from":[8,16,11],"to":[13,16.5,13],"rotation":{"angle":0,"axis":"x","origin":[8,8,8]},"faces":{"north":{"uv":[13,11,8,12],"texture":"#all","cullface":"up"},"east":{"uv":[12,11,13,13],"rotation":90,"texture":"#all","cullface":"up"},"south":{"uv":[13,12,8,13],"rotation":180,"texture":"#all","cullface":"up"},"west":{"uv":[8,11,9,13],"rotation":270,"texture":"#all","cullface":"up"},"up":{"uv":[8,11,13,13],"texture":"#all","cullface":"up"}}},{"from":[9,16,10],"to":[11,16.5,11],"rotation":{"angle":0,"axis":"x","origin":[8,8,8]},"faces":{"north":{"uv":[9,10,11,11],"texture":"#all","cullface":"up"},"east":{"uv":[10,10,11,11],"rotation":90,"texture":"#all","cullface":"up"},"west":{"uv":[9,10,10,11],"rotation":270,"texture":"#all","cullface":"up"},"up":{"uv":[9,10,11,11],"texture":"#all","cullface":"up"}}},{"from":[10,16,13],"to":[11,16.5,14],"rotation":{"angle":0,"axis":"x","origin":[8,8,8]},"faces":{"east":{"uv":[10,13,11,14],"rotation":90,"texture":"#all","cullface":"up"},"south":{"uv":[10,13,11,14],"rotation":180,"texture":"#all","cullface":"up"},"west":{"uv":[10,13,11,14],"rotation":270,"texture":"#all","cullface":"up"},"up":{"uv":[10,13,11,14],"texture":"#all","cullface":"up"}}},{"from":[5,16,5],"to":[8,16.5,8],"rotation":{"angle":0,"axis":"x","origin":[8,8,8]},"faces":{"north":{"uv":[8,5,5,6],"texture":"#all","cullface":"up"},"east":{"uv":[7,5,8,8],"rotation":90,"texture":"#all","cullface":"up"},"south":{"uv":[8,7,5,8],"rotation":180,"texture":"#all","cullface":"up"},"west":{"uv":[5,5,6,8],"rotation":270,"texture":"#all","cullface":"up"},"up":{"uv":[5,5,8,8],"texture":"#all","cullface":"up"}}},{"from":[1,16,8],"to":[3,16.75,10],"rotation":{"angle":0,"axis":"x","origin":[8,8,8]},"faces":{"north":{"uv":[3,8,1,9],"texture":"#all","cullface":"up"},"east":{"uv":[2,8,3,10],"rotation":90,"texture":"#all","cullface":"up"},"south":{"uv":[3,9,1,10],"rotation":180,"texture":"#all","cullface":"up"},"west":{"uv":[1,8,2,10],"rotation":270,"texture":"#all","cullface":"up"},"up":{"uv":[1,8,3,10],"texture":"#all","cullface":"up"}}},{"from":[10,16,2],"to":[12,16.75,4],"rotation":{"angle":0,"axis":"x","origin":[8,8,8]},"faces":{"north":{"uv":[12,2,10,3],"texture":"#all","cullface":"up"},"east":{"uv":[11,2,12,4],"rotation":90,"texture":"#all","cullface":"up"},"south":{"uv":[12,3,10,4],"rotation":180,"texture":"#all","cullface":"up"},"west":{"uv":[10,2,11,4],"rotation":270,"texture":"#all","cullface":"up"},"up":{"uv":[10,2,12,4],"texture":"#all","cullface":"up"}}},{"from":[2,16,2],"to":[4,16.75,4],"rotation":{"angle":0,"axis":"x","origin":[8,8,8]},"faces":{"north":{"uv":[4,2,2,3],"texture":"#all","cullface":"up"},"east":{"uv":[3,2,4,4],"rotation":90,"texture":"#all","cullface":"up"},"south":{"uv":[4,3,2,4],"rotation":180,"texture":"#all","cullface":"up"},"west":{"uv":[2,2,3,4],"rotation":270,"texture":"#all","cullface":"up"},"up":{"uv":[2,2,4,4],"texture":"#all","cullface":"up"}}},{"from":[4,-0.75,1],"to":[6,0,3],"rotation":{"angle":0,"axis":"x","origin":[8,8,8]},"faces":{"north":{"uv":[6,14,4,15],"texture":"#all","cullface":"down"},"east":{"uv":[5,13,6,15],"rotation":270,"texture":"#all","cullface":"down"},"south":{"uv":[6,13,4,14],"rotation":180,"texture":"#all","cullface":"down"},"west":{"uv":[4,13,5,15],"rotation":90,"texture":"#all","cullface":"down"},"down":{"uv":[4,13,6,15],"texture":"#all","cullface":"down"}}},{"from":[13,-0.75,7],"to":[15,0,9],"rotation":{"angle":0,"axis":"x","origin":[8,8,8]},"faces":{"north":{"uv":[15,8,13,9],"texture":"#all","cullface":"down"},"east":{"uv":[14,7,15,9],"rotation":270,"texture":"#all","cullface":"down"},"south":{"uv":[15,7,13,8],"rotation":180,"texture":"#all","cullface":"down"},"west":{"uv":[13,7,14,9],"rotation":90,"texture":"#all","cullface":"down"},"down":{"uv":[13,7,15,9],"texture":"#all","cullface":"down"}}},{"from":[4,-0.5,7],"to":[6,0,10],"rotation":{"angle":0,"axis":"x","origin":[8,8,8]},"faces":{"north":{"uv":[6,8,4,9],"texture":"#all","cullface":"down"},"east":{"uv":[5,6,6,9],"rotation":270,"texture":"#all","cullface":"down"},"south":{"uv":[6,6,4,7],"rotation":180,"texture":"#all","cullface":"down"},"west":{"uv":[4,6,5,9],"rotation":90,"texture":"#all","cullface":"down"},"down":{"uv":[4,6,6,9],"texture":"#all","cullface":"down"}}},{"from":[8,-0.5,3],"to":[13,0,5],"rotation":{"angle":0,"axis":"x","origin":[8,8,8]},"faces":{"north":{"uv":[13,12,8,13],"texture":"#all","cullface":"down"},"east":{"uv":[12,11,13,13],"rotation":270,"texture":"#all","cullface":"down"},"south":{"uv":[13,11,8,12],"rotation":180,"texture":"#all","cullface":"down"},"west":{"uv":[8,11,9,13],"rotation":90,"texture":"#all","cullface":"down"},"down":{"uv":[8,11,13,13],"texture":"#all","cullface":"down"}}},{"from":[9,-0.5,5],"to":[11,0,6],"rotation":{"angle":0,"axis":"x","origin":[8,8,8]},"faces":{"east":{"uv":[10,10,11,11],"rotation":270,"texture":"#all","cullface":"down"},"south":{"uv":[9,10,11,11],"rotation":180,"texture":"#all","cullface":"down"},"west":{"uv":[9,10,10,11],"rotation":90,"texture":"#all","cullface":"down"},"down":{"uv":[9,10,11,11],"texture":"#all","cullface":"down"}}},{"from":[10,-0.5,2],"to":[11,0,3],"rotation":{"angle":0,"axis":"x","origin":[8,8,8]},"faces":{"north":{"uv":[10,13,11,14],"texture":"#all","cullface":"down"},"east":{"uv":[10,13,11,14],"rotation":270,"texture":"#all","cullface":"down"},"west":{"uv":[10,13,11,14],"rotation":90,"texture":"#all","cullface":"down"},"down":{"uv":[10,13,11,14],"texture":"#all","cullface":"down"}}},{"from":[5,-0.5,8],"to":[8,0,11],"rotation":{"angle":0,"axis":"x","origin":[8,8,8]},"faces":{"north":{"uv":[8,7,5,8],"texture":"#all","cullface":"down"},"east":{"uv":[7,5,8,8],"rotation":270,"texture":"#all","cullface":"down"},"south":{"uv":[8,5,5,6],"rotation":180,"texture":"#all","cullface":"down"},"west":{"uv":[5,5,6,8],"rotation":90,"texture":"#all","cullface":"down"},"down":{"uv":[5,5,8,8],"texture":"#all","cullface":"down"}}},{"from":[1,-0.75,6],"to":[3,0,8],"rotation":{"angle":0,"axis":"x","origin":[8,8,8]},"faces":{"north":{"uv":[3,9,1,10],"texture":"#all","cullface":"down"},"east":{"uv":[2,8,3,10],"rotation":270,"texture":"#all","cullface":"down"},"south":{"uv":[3,8,1,9],"rotation":180,"texture":"#all","cullface":"down"},"west":{"uv":[1,8,2,10],"rotation":90,"texture":"#all","cullface":"down"},"down":{"uv":[1,8,3,10],"texture":"#all","cullface":"down"}}},{"from":[10,-0.75,12],"to":[12,0,14],"rotation":{"angle":0,"axis":"x","origin":[8,8,8]},"faces":{"north":{"uv":[12,3,10,4],"texture":"#all","cullface":"down"},"east":{"uv":[11,2,12,4],"rotation":270,"texture":"#all","cullface":"down"},"south":{"uv":[12,2,10,3],"rotation":180,"texture":"#all","cullface":"down"},"west":{"uv":[10,2,11,4],"rotation":90,"texture":"#all","cullface":"down"},"down":{"uv":[10,2,12,4],"texture":"#all","cullface":"down"}}},{"from":[2,-0.75,12],"to":[4,0,14],"rotation":{"angle":0,"axis":"x","origin":[8,8,8]},"faces":{"north":{"uv":[4,3,2,4],"texture":"#all","cullface":"down"},"east":{"uv":[3,2,4,4],"rotation":270,"texture":"#all","cullface":"down"},"south":{"uv":[4,2,2,3],"rotation":180,"texture":"#all","cullface":"down"},"west":{"uv":[2,2,3,4],"rotation":90,"texture":"#all","cullface":"down"},"down":{"uv":[2,2,4,4],"texture":"#all","cullface":"down"}}}]}