{"parent":"block/cube_all","textures":{"all":"block/gilded_blackstone"},"elements":[{"from":[0,0,0],"to":[16,16,16],"faces":{"north":{"uv":[0,0,16,16],"texture":"#all","cullface":"north"},"east":{"uv":[0,0,16,16],"texture":"#all","cullface":"east"},"south":{"uv":[0,0,16,16],"texture":"#all","cullface":"south"},"west":{"uv":[0,0,16,16],"texture":"#all","cullface":"west"},"up":{"uv":[0,0,16,16],"texture":"#all","cullface":"up"},"down":{"uv":[0,0,16,16],"texture":"#all","cullface":"down"}}},{"from":[3,0.0078125,-0.4921875],"to":[4,1,0],"faces":{"north":{"uv":[12,15,13,16],"texture":"#all","cullface":"north"},"east":{"uv":[12,15,13,16],"texture":"#all","cullface":"north"},"west":{"uv":[12,15,13,16],"texture":"#all","cullface":"north"},"up":{"uv":[13,15,12,16],"texture":"#all","cullface":"north"},"down":{"uv":[13,15,12,16],"texture":"#all","cullface":"north"}}},{"from":[6,6,-0.4921875],"to":[7,7,0],"faces":{"north":{"uv":[9,9,10,10],"texture":"#all","cullface":"north"},"east":{"uv":[9,9,10,10],"texture":"#all","cullface":"north"},"west":{"uv":[9,9,10,10],"texture":"#all","cullface":"north"},"up":{"uv":[10,9,9,10],"texture":"#all","cullface":"north"},"down":{"uv":[10,9,9,10],"texture":"#all","cullface":"north"}}},{"from":[8,9,-0.4921875],"to":[9,10,0],"faces":{"north":{"uv":[7,6,8,7],"texture":"#all","cullface":"north"},"east":{"uv":[7,6,8,7],"texture":"#all","cullface":"north"},"west":{"uv":[7,6,8,7],"texture":"#all","cullface":"north"},"up":{"uv":[8,6,7,7],"texture":"#all","cullface":"north"},"down":{"uv":[8,6,7,7],"texture":"#all","cullface":"north"}}},{"from":[8,1,-0.4921875],"to":[9,3,0],"faces":{"north":{"uv":[7,13,8,15],"texture":"#all","cullface":"north"},"east":{"uv":[7,13,8,15],"texture":"#all","cullface":"north"},"west":{"uv":[7,13,8,15],"texture":"#all","cullface":"north"},"up":{"uv":[8,13,7,14],"texture":"#all","cullface":"north"},"down":{"uv":[8,14,7,15],"texture":"#all","cullface":"north"}}},{"from":[9,3,-0.4921875],"to":[10,5,0],"faces":{"north":{"uv":[6,11,7,13],"texture":"#all","cullface":"north"},"east":{"uv":[6,11,7,13],"texture":"#all","cullface":"north"},"west":{"uv":[6,11,7,13],"texture":"#all","cullface":"north"},"up":{"uv":[7,11,6,12],"texture":"#all","cullface":"north"},"down":{"uv":[7,12,6,13],"texture":"#all","cullface":"north"}}},{"from":[1,14,-0.4921875],"to":[2,15.9921875,0],"faces":{"north":{"uv":[14,0,15,2],"texture":"#all","cullface":"north"},"east":{"uv":[14,0,15,2],"texture":"#all","cullface":"north"},"west":{"uv":[14,0,15,2],"texture":"#all","cullface":"north"},"down":{"uv":[15,1,14,2],"texture":"#all","cullface":"north"}}},{"from":[0.0078125,10,-0.4921875],"to":[1,12,0],"faces":{"north":{"uv":[15,4,16,6],"texture":"#all","cullface":"north"},"east":{"uv":[15,4,16,6],"texture":"#all","cullface":"north"},"west":{"uv":[15,4,16,6],"texture":"#all","cullface":"north"},"up":{"uv":[16,4,15,5],"texture":"#all","cullface":"north"},"down":{"uv":[16,5,15,6],"texture":"#all","cullface":"north"}}},{"from":[1,2,-0.4921875],"to":[2,4,0],"faces":{"north":{"uv":[14,12,15,14],"texture":"#all","cullface":"north"},"east":{"uv":[14,12,15,14],"texture":"#all","cullface":"north"},"west":{"uv":[14,12,15,14],"texture":"#all","cullface":"north"},"up":{"uv":[15,12,14,13],"texture":"#all","cullface":"north"}}},{"from":[1,2,-0.4921875],"to":[3,3,0],"faces":{"north":{"uv":[13,13,15,14],"texture":"#all","cullface":"north"},"east":{"uv":[13,13,14,14],"texture":"#all","cullface":"north"},"up":{"uv":[15,13,13,14],"texture":"#all","cullface":"north"},"down":{"uv":[15,13,13,14],"texture":"#all","cullface":"north"}}},{"from":[4,12,-0.4921875],"to":[6,13,0],"faces":{"north":{"uv":[10,3,12,4],"texture":"#all","cullface":"north"},"east":{"uv":[10,3,11,4],"texture":"#all","cullface":"north"},"west":{"uv":[11,3,12,4],"texture":"#all","cullface":"north"},"up":{"uv":[12,3,10,4],"texture":"#all","cullface":"north"},"down":{"uv":[12,3,10,4],"texture":"#all","cullface":"north"}}},{"from":[5,13,-0.4921875],"to":[7,14,0],"faces":{"north":{"uv":[9,2,11,3],"texture":"#all","cullface":"north"},"east":{"uv":[9,2,10,3],"texture":"#all","cullface":"north"},"west":{"uv":[10,2,11,3],"texture":"#all","cullface":"north"},"up":{"uv":[11,2,9,3],"texture":"#all","cullface":"north"},"down":{"uv":[11,2,9,3],"texture":"#all","cullface":"north"}}},{"from":[14,13,-0.4921875],"to":[15,14,0],"faces":{"north":{"uv":[1,2,2,3],"texture":"#all","cullface":"north"},"east":{"uv":[1,2,2,3],"texture":"#all","cullface":"north"},"west":{"uv":[1,2,2,3],"texture":"#all","cullface":"north"},"up":{"uv":[2,2,1,3],"texture":"#all","cullface":"north"},"down":{"uv":[2,2,1,3],"texture":"#all","cullface":"north"}}},{"from":[15,12,-0.4921875],"to":[15.9921875,13,0],"faces":{"north":{"uv":[0,3,1,4],"texture":"#all","cullface":"north"},"east":{"uv":[0,3,1,4],"texture":"#all","cullface":"north"},"west":{"uv":[0,3,1,4],"texture":"#all","cullface":"north"},"up":{"uv":[1,3,0,4],"texture":"#all","cullface":"north"},"down":{"uv":[1,3,0,4],"texture":"#all","cullface":"north"}}},{"from":[11,14,-0.4921875],"to":[14,15,0],"faces":{"north":{"uv":[2,1,5,2],"texture":"#all","cullface":"north"},"east":{"uv":[2,1,3,2],"texture":"#all","cullface":"north"},"west":{"uv":[4,1,5,2],"texture":"#all","cullface":"north"},"up":{"uv":[5,1,2,2],"texture":"#all","cullface":"north"},"down":{"uv":[5,1,2,2],"texture":"#all","cullface":"north"}}},{"from":[1,15,-0.4921875],"to":[3,15.9921875,0],"faces":{"north":{"uv":[13,0,15,1],"texture":"#all","cullface":"north"},"east":{"uv":[13,0,14,1],"texture":"#all","cullface":"north"},"up":{"uv":[15,0,13,1],"texture":"#all","cullface":"north"},"down":{"uv":[15,0,13,1],"texture":"#all","cullface":"north"}}},{"from":[3,7,-0.4921875],"to":[6,8,0],"faces":{"north":{"uv":[10,8,13,9],"texture":"#all","cullface":"north"},"east":{"uv":[10,8,11,9],"texture":"#all","cullface":"north"},"west":{"uv":[12,8,13,9],"texture":"#all","cullface":"north"},"up":{"uv":[13,8,10,9],"texture":"#all","cullface":"north"},"down":{"uv":[13,8,10,9],"texture":"#all","cullface":"north"}}},{"from":[10,5,-0.4921875],"to":[12,6,0],"faces":{"north":{"uv":[4,10,6,11],"texture":"#all","cullface":"north"},"east":{"uv":[4,10,5,11],"texture":"#all","cullface":"north"},"west":{"uv":[5,10,6,11],"texture":"#all","cullface":"north"},"up":{"uv":[6,10,4,11],"texture":"#all","cullface":"north"},"down":{"uv":[6,10,4,11],"texture":"#all","cullface":"north"}}},{"from":[9,8,-0.4921875],"to":[11,9,0],"faces":{"north":{"uv":[5,7,7,8],"texture":"#all","cullface":"north"},"east":{"uv":[5,7,6,8],"texture":"#all","cullface":"north"},"west":{"uv":[6,7,7,8],"texture":"#all","cullface":"north"},"up":{"uv":[7,7,5,8],"texture":"#all","cullface":"north"},"down":{"uv":[7,7,5,8],"texture":"#all","cullface":"north"}}},{"from":[3,9,-0.4921875],"to":[4,12,0],"faces":{"north":{"uv":[12,4,13,7],"texture":"#all","cullface":"north"},"east":{"uv":[12,4,13,7],"texture":"#all","cullface":"north"},"west":{"uv":[12,4,13,7],"texture":"#all","cullface":"north"},"up":{"uv":[13,4,12,5],"texture":"#all","cullface":"north"},"down":{"uv":[13,6,12,7],"texture":"#all","cullface":"north"}}},{"from":[0.0078125,4,-0.4921875],"to":[1,7,0],"faces":{"north":{"uv":[15,9,16,12],"texture":"#all","cullface":"north"},"east":{"uv":[15,9,16,12],"texture":"#all","cullface":"north"},"west":{"uv":[15,9,16,12],"texture":"#all","cullface":"north"},"up":{"uv":[16,9,15,10],"texture":"#all","cullface":"north"},"down":{"uv":[16,11,15,12],"texture":"#all","cullface":"north"}}},{"from":[16,0.0078125,3],"to":[16.492188,1,4],"faces":{"north":{"uv":[12,15,13,16],"texture":"#all","cullface":"east"},"east":{"uv":[12,15,13,16],"texture":"#all","cullface":"east"},"south":{"uv":[12,15,13,16],"texture":"#all","cullface":"east"},"up":{"uv":[13,15,12,16],"texture":"#all","cullface":"east","rotation":90},"down":{"uv":[13,15,12,16],"texture":"#all","cullface":"east","rotation":270}}},{"from":[16,6,6],"to":[16.492188,7,7],"faces":{"north":{"uv":[9,9,10,10],"texture":"#all","cullface":"east"},"east":{"uv":[9,9,10,10],"texture":"#all","cullface":"east"},"south":{"uv":[9,9,10,10],"texture":"#all","cullface":"east"},"up":{"uv":[10,9,9,10],"texture":"#all","cullface":"east","rotation":90},"down":{"uv":[10,9,9,10],"texture":"#all","cullface":"east","rotation":270}}},{"from":[16,9,8],"to":[16.492188,10,9],"faces":{"north":{"uv":[7,6,8,7],"texture":"#all","cullface":"east"},"east":{"uv":[7,6,8,7],"texture":"#all","cullface":"east"},"south":{"uv":[7,6,8,7],"texture":"#all","cullface":"east"},"up":{"uv":[8,6,7,7],"texture":"#all","cullface":"east","rotation":90},"down":{"uv":[8,6,7,7],"texture":"#all","cullface":"east","rotation":270}}},{"from":[16,1,8],"to":[16.492188,3,9],"faces":{"north":{"uv":[7,13,8,15],"texture":"#all","cullface":"east"},"east":{"uv":[7,13,8,15],"texture":"#all","cullface":"east"},"south":{"uv":[7,13,8,15],"texture":"#all","cullface":"east"},"up":{"uv":[8,13,7,14],"texture":"#all","cullface":"east","rotation":90},"down":{"uv":[8,14,7,15],"texture":"#all","cullface":"east","rotation":270}}},{"from":[16,3,9],"to":[16.492188,5,10],"faces":{"north":{"uv":[6,11,7,13],"texture":"#all","cullface":"east"},"east":{"uv":[6,11,7,13],"texture":"#all","cullface":"east"},"south":{"uv":[6,11,7,13],"texture":"#all","cullface":"east"},"up":{"uv":[7,11,6,12],"texture":"#all","cullface":"east","rotation":90},"down":{"uv":[7,12,6,13],"texture":"#all","cullface":"east","rotation":270}}},{"from":[16,14,1],"to":[16.492188,15.9921875,2],"faces":{"north":{"uv":[14,0,15,2],"texture":"#all","cullface":"east"},"east":{"uv":[14,0,15,2],"texture":"#all","cullface":"east"},"south":{"uv":[14,0,15,2],"texture":"#all","cullface":"east"},"down":{"uv":[15,1,14,2],"texture":"#all","cullface":"east","rotation":270}}},{"from":[16,10,0.0078125],"to":[16.492188,12,1],"faces":{"north":{"uv":[15,4,16,6],"texture":"#all","cullface":"east"},"east":{"uv":[15,4,16,6],"texture":"#all","cullface":"east"},"south":{"uv":[15,4,16,6],"texture":"#all","cullface":"east"},"up":{"uv":[16,4,15,5],"texture":"#all","cullface":"east","rotation":90},"down":{"uv":[16,5,15,6],"texture":"#all","cullface":"east","rotation":270}}},{"from":[16,2,1],"to":[16.492188,4,2],"faces":{"north":{"uv":[14,12,15,14],"texture":"#all","cullface":"east"},"east":{"uv":[14,12,15,14],"texture":"#all","cullface":"east"},"south":{"uv":[14,12,15,14],"texture":"#all","cullface":"east"},"up":{"uv":[15,12,14,13],"texture":"#all","cullface":"east","rotation":90}}},{"from":[16,2,1],"to":[16.492188,3,3],"faces":{"east":{"uv":[13,13,15,14],"texture":"#all","cullface":"east"},"south":{"uv":[13,13,14,14],"texture":"#all","cullface":"east"},"up":{"uv":[15,13,13,14],"texture":"#all","cullface":"east","rotation":90},"down":{"uv":[15,13,13,14],"texture":"#all","cullface":"east","rotation":270}}},{"from":[16,12,4],"to":[16.492188,13,6],"faces":{"north":{"uv":[11,3,12,4],"texture":"#all","cullface":"east"},"east":{"uv":[10,3,12,4],"texture":"#all","cullface":"east"},"south":{"uv":[10,3,11,4],"texture":"#all","cullface":"east"},"up":{"uv":[12,3,10,4],"texture":"#all","cullface":"east","rotation":90},"down":{"uv":[12,3,10,4],"texture":"#all","cullface":"east","rotation":270}}},{"from":[16,13,5],"to":[16.492188,14,7],"faces":{"north":{"uv":[10,2,11,3],"texture":"#all","cullface":"east"},"east":{"uv":[9,2,11,3],"texture":"#all","cullface":"east"},"south":{"uv":[9,2,10,3],"texture":"#all","cullface":"east"},"up":{"uv":[11,2,9,3],"texture":"#all","cullface":"east","rotation":90},"down":{"uv":[11,2,9,3],"texture":"#all","cullface":"east","rotation":270}}},{"from":[16,13,14],"to":[16.492188,14,15],"faces":{"north":{"uv":[1,2,2,3],"texture":"#all","cullface":"east"},"east":{"uv":[1,2,2,3],"texture":"#all","cullface":"east"},"south":{"uv":[1,2,2,3],"texture":"#all","cullface":"east"},"up":{"uv":[2,2,1,3],"texture":"#all","cullface":"east","rotation":90},"down":{"uv":[2,2,1,3],"texture":"#all","cullface":"east","rotation":270}}},{"from":[16,12,15],"to":[16.492188,13,15.9921875],"faces":{"north":{"uv":[0,3,1,4],"texture":"#all","cullface":"east"},"east":{"uv":[0,3,1,4],"texture":"#all","cullface":"east"},"south":{"uv":[0,3,1,4],"texture":"#all","cullface":"east"},"up":{"uv":[1,3,0,4],"texture":"#all","cullface":"east","rotation":90},"down":{"uv":[1,3,0,4],"texture":"#all","cullface":"east","rotation":270}}},{"from":[16,14,11],"to":[16.492188,15,14],"faces":{"north":{"uv":[4,1,5,2],"texture":"#all","cullface":"east"},"east":{"uv":[2,1,5,2],"texture":"#all","cullface":"east"},"south":{"uv":[2,1,3,2],"texture":"#all","cullface":"east"},"up":{"uv":[5,1,2,2],"texture":"#all","cullface":"east","rotation":90},"down":{"uv":[5,1,2,2],"texture":"#all","cullface":"east","rotation":270}}},{"from":[16,15,1],"to":[16.492188,15.9921875,3],"faces":{"east":{"uv":[13,0,15,1],"texture":"#all","cullface":"east"},"south":{"uv":[13,0,14,1],"texture":"#all","cullface":"east"},"up":{"uv":[15,0,13,1],"texture":"#all","cullface":"east","rotation":90},"down":{"uv":[15,0,13,1],"texture":"#all","cullface":"east","rotation":270}}},{"from":[16,7,3],"to":[16.492188,8,6],"faces":{"north":{"uv":[12,8,13,9],"texture":"#all","cullface":"east"},"east":{"uv":[10,8,13,9],"texture":"#all","cullface":"east"},"south":{"uv":[10,8,11,9],"texture":"#all","cullface":"east"},"up":{"uv":[13,8,10,9],"texture":"#all","cullface":"east","rotation":90},"down":{"uv":[13,8,10,9],"texture":"#all","cullface":"east","rotation":270}}},{"from":[16,5,10],"to":[16.492188,6,12],"faces":{"north":{"uv":[5,10,6,11],"texture":"#all","cullface":"east"},"east":{"uv":[4,10,6,11],"texture":"#all","cullface":"east"},"south":{"uv":[4,10,5,11],"texture":"#all","cullface":"east"},"up":{"uv":[6,10,4,11],"texture":"#all","cullface":"east","rotation":90},"down":{"uv":[6,10,4,11],"texture":"#all","cullface":"east","rotation":270}}},{"from":[16,8,9],"to":[16.492188,9,11],"faces":{"north":{"uv":[6,7,7,8],"texture":"#all","cullface":"east"},"east":{"uv":[5,7,7,8],"texture":"#all","cullface":"east"},"south":{"uv":[5,7,6,8],"texture":"#all","cullface":"east"},"up":{"uv":[7,7,5,8],"texture":"#all","cullface":"east","rotation":90},"down":{"uv":[7,7,5,8],"texture":"#all","cullface":"east","rotation":270}}},{"from":[16,9,3],"to":[16.492188,12,4],"faces":{"north":{"uv":[12,4,13,7],"texture":"#all","cullface":"east"},"east":{"uv":[12,4,13,7],"texture":"#all","cullface":"east"},"south":{"uv":[12,4,13,7],"texture":"#all","cullface":"east"},"up":{"uv":[13,4,12,5],"texture":"#all","cullface":"east","rotation":90},"down":{"uv":[13,6,12,7],"texture":"#all","cullface":"east","rotation":270}}},{"from":[16,4,0.0078125],"to":[16.492188,7,1],"faces":{"north":{"uv":[15,9,16,12],"texture":"#all","cullface":"east"},"east":{"uv":[15,9,16,12],"texture":"#all","cullface":"east"},"south":{"uv":[15,9,16,12],"texture":"#all","cullface":"east"},"up":{"uv":[16,9,15,10],"texture":"#all","cullface":"east","rotation":90},"down":{"uv":[16,11,15,12],"texture":"#all","cullface":"east","rotation":270}}},{"from":[12,0.0078125,16],"to":[13,1,16.492188],"faces":{"east":{"uv":[12,15,13,16],"texture":"#all","cullface":"south"},"south":{"uv":[12,15,13,16],"texture":"#all","cullface":"south"},"west":{"uv":[12,15,13,16],"texture":"#all","cullface":"south"},"up":{"uv":[13,15,12,16],"texture":"#all","cullface":"south","rotation":180},"down":{"uv":[13,15,12,16],"texture":"#all","cullface":"south","rotation":180}}},{"from":[9,6,16],"to":[10,7,16.492188],"faces":{"east":{"uv":[9,9,10,10],"texture":"#all","cullface":"south"},"south":{"uv":[9,9,10,10],"texture":"#all","cullface":"south"},"west":{"uv":[9,9,10,10],"texture":"#all","cullface":"south"},"up":{"uv":[10,9,9,10],"texture":"#all","cullface":"south","rotation":180},"down":{"uv":[10,9,9,10],"texture":"#all","cullface":"south","rotation":180}}},{"from":[7,9,16],"to":[8,10,16.492188],"faces":{"east":{"uv":[7,6,8,7],"texture":"#all","cullface":"south"},"south":{"uv":[7,6,8,7],"texture":"#all","cullface":"south"},"west":{"uv":[7,6,8,7],"texture":"#all","cullface":"south"},"up":{"uv":[8,6,7,7],"texture":"#all","cullface":"south","rotation":180},"down":{"uv":[8,6,7,7],"texture":"#all","cullface":"south","rotation":180}}},{"from":[7,1,16],"to":[8,3,16.492188],"faces":{"east":{"uv":[7,13,8,15],"texture":"#all","cullface":"south"},"south":{"uv":[7,13,8,15],"texture":"#all","cullface":"south"},"west":{"uv":[7,13,8,15],"texture":"#all","cullface":"south"},"up":{"uv":[8,13,7,14],"texture":"#all","cullface":"south","rotation":180},"down":{"uv":[8,14,7,15],"texture":"#all","cullface":"south","rotation":180}}},{"from":[6,3,16],"to":[7,5,16.492188],"faces":{"east":{"uv":[6,11,7,13],"texture":"#all","cullface":"south"},"south":{"uv":[6,11,7,13],"texture":"#all","cullface":"south"},"west":{"uv":[6,11,7,13],"texture":"#all","cullface":"south"},"up":{"uv":[7,11,6,12],"texture":"#all","cullface":"south","rotation":180},"down":{"uv":[7,12,6,13],"texture":"#all","cullface":"south","rotation":180}}},{"from":[14,14,16],"to":[15,15.9921875,16.492188],"faces":{"east":{"uv":[14,0,15,2],"texture":"#all","cullface":"south"},"south":{"uv":[14,0,15,2],"texture":"#all","cullface":"south"},"west":{"uv":[14,0,15,2],"texture":"#all","cullface":"south"},"down":{"uv":[15,1,14,2],"texture":"#all","cullface":"south","rotation":180}}},{"from":[15,10,16],"to":[15.9921875,12,16.492188],"faces":{"east":{"uv":[15,4,16,6],"texture":"#all","cullface":"south"},"south":{"uv":[15,4,16,6],"texture":"#all","cullface":"south"},"west":{"uv":[15,4,16,6],"texture":"#all","cullface":"south"},"up":{"uv":[16,4,15,5],"texture":"#all","cullface":"south","rotation":180},"down":{"uv":[16,5,15,6],"texture":"#all","cullface":"south","rotation":180}}},{"from":[14,2,16],"to":[15,4,16.492188],"faces":{"east":{"uv":[14,12,15,14],"texture":"#all","cullface":"south"},"south":{"uv":[14,12,15,14],"texture":"#all","cullface":"south"},"west":{"uv":[14,12,15,14],"texture":"#all","cullface":"south"},"up":{"uv":[15,12,14,13],"texture":"#all","cullface":"south","rotation":180}}},{"from":[13,2,16],"to":[15,3,16.492188],"faces":{"south":{"uv":[13,13,15,14],"texture":"#all","cullface":"south"},"west":{"uv":[13,13,14,14],"texture":"#all","cullface":"south"},"up":{"uv":[15,13,13,14],"texture":"#all","cullface":"south","rotation":180},"down":{"uv":[15,13,13,14],"texture":"#all","cullface":"south","rotation":180}}},{"from":[10,12,16],"to":[12,13,16.492188],"faces":{"east":{"uv":[11,3,12,4],"texture":"#all","cullface":"south"},"south":{"uv":[10,3,12,4],"texture":"#all","cullface":"south"},"west":{"uv":[10,3,11,4],"texture":"#all","cullface":"south"},"up":{"uv":[12,3,10,4],"texture":"#all","cullface":"south","rotation":180},"down":{"uv":[12,3,10,4],"texture":"#all","cullface":"south","rotation":180}}},{"from":[9,13,16],"to":[11,14,16.492188],"faces":{"east":{"uv":[10,2,11,3],"texture":"#all","cullface":"south"},"south":{"uv":[9,2,11,3],"texture":"#all","cullface":"south"},"west":{"uv":[9,2,10,3],"texture":"#all","cullface":"south"},"up":{"uv":[11,2,9,3],"texture":"#all","cullface":"south","rotation":180},"down":{"uv":[11,2,9,3],"texture":"#all","cullface":"south","rotation":180}}},{"from":[1,13,16],"to":[2,14,16.492188],"faces":{"east":{"uv":[1,2,2,3],"texture":"#all","cullface":"south"},"south":{"uv":[1,2,2,3],"texture":"#all","cullface":"south"},"west":{"uv":[1,2,2,3],"texture":"#all","cullface":"south"},"up":{"uv":[2,2,1,3],"texture":"#all","cullface":"south","rotation":180},"down":{"uv":[2,2,1,3],"texture":"#all","cullface":"south","rotation":180}}},{"from":[0.0078125,12,16],"to":[1,13,16.492188],"faces":{"east":{"uv":[0,3,1,4],"texture":"#all","cullface":"south"},"south":{"uv":[0,3,1,4],"texture":"#all","cullface":"south"},"west":{"uv":[0,3,1,4],"texture":"#all","cullface":"south"},"up":{"uv":[1,3,0,4],"texture":"#all","cullface":"south","rotation":180},"down":{"uv":[1,3,0,4],"texture":"#all","cullface":"south","rotation":180}}},{"from":[2,14,16],"to":[5,15,16.492188],"faces":{"east":{"uv":[4,1,5,2],"texture":"#all","cullface":"south"},"south":{"uv":[2,1,5,2],"texture":"#all","cullface":"south"},"west":{"uv":[2,1,3,2],"texture":"#all","cullface":"south"},"up":{"uv":[5,1,2,2],"texture":"#all","cullface":"south","rotation":180},"down":{"uv":[5,1,2,2],"texture":"#all","cullface":"south","rotation":180}}},{"from":[13,15,16],"to":[15,15.9921875,16.492188],"faces":{"south":{"uv":[13,0,15,1],"texture":"#all","cullface":"south"},"west":{"uv":[13,0,14,1],"texture":"#all","cullface":"south"},"up":{"uv":[15,0,13,1],"texture":"#all","cullface":"south","rotation":180},"down":{"uv":[15,0,13,1],"texture":"#all","cullface":"south","rotation":180}}},{"from":[10,7,16],"to":[13,8,16.492188],"faces":{"east":{"uv":[12,8,13,9],"texture":"#all","cullface":"south"},"south":{"uv":[10,8,13,9],"texture":"#all","cullface":"south"},"west":{"uv":[10,8,11,9],"texture":"#all","cullface":"south"},"up":{"uv":[13,8,10,9],"texture":"#all","cullface":"south","rotation":180},"down":{"uv":[13,8,10,9],"texture":"#all","cullface":"south","rotation":180}}},{"from":[4,5,16],"to":[6,6,16.492188],"faces":{"east":{"uv":[5,10,6,11],"texture":"#all","cullface":"south"},"south":{"uv":[4,10,6,11],"texture":"#all","cullface":"south"},"west":{"uv":[4,10,5,11],"texture":"#all","cullface":"south"},"up":{"uv":[6,10,4,11],"texture":"#all","cullface":"south","rotation":180},"down":{"uv":[6,10,4,11],"texture":"#all","cullface":"south","rotation":180}}},{"from":[5,8,16],"to":[7,9,16.492188],"faces":{"east":{"uv":[6,7,7,8],"texture":"#all","cullface":"south"},"south":{"uv":[5,7,7,8],"texture":"#all","cullface":"south"},"west":{"uv":[5,7,6,8],"texture":"#all","cullface":"south"},"up":{"uv":[7,7,5,8],"texture":"#all","cullface":"south","rotation":180},"down":{"uv":[7,7,5,8],"texture":"#all","cullface":"south","rotation":180}}},{"from":[12,9,16],"to":[13,12,16.492188],"faces":{"east":{"uv":[12,4,13,7],"texture":"#all","cullface":"south"},"south":{"uv":[12,4,13,7],"texture":"#all","cullface":"south"},"west":{"uv":[12,4,13,7],"texture":"#all","cullface":"south"},"up":{"uv":[13,4,12,5],"texture":"#all","cullface":"south","rotation":180},"down":{"uv":[13,6,12,7],"texture":"#all","cullface":"south","rotation":180}}},{"from":[15,4,16],"to":[15.9921875,7,16.492188],"faces":{"east":{"uv":[15,9,16,12],"texture":"#all","cullface":"south"},"south":{"uv":[15,9,16,12],"texture":"#all","cullface":"south"},"west":{"uv":[15,9,16,12],"texture":"#all","cullface":"south"},"up":{"uv":[16,9,15,10],"texture":"#all","cullface":"south","rotation":180},"down":{"uv":[16,11,15,12],"texture":"#all","cullface":"south","rotation":180}}},{"from":[-0.4921875,0.0078125,12],"to":[0,1,13],"faces":{"north":{"uv":[12,15,13,16],"texture":"#all","cullface":"west"},"south":{"uv":[12,15,13,16],"texture":"#all","cullface":"west"},"west":{"uv":[12,15,13,16],"texture":"#all","cullface":"west"},"up":{"uv":[13,15,12,16],"texture":"#all","cullface":"west","rotation":270},"down":{"uv":[13,15,12,16],"texture":"#all","cullface":"west","rotation":90}}},{"from":[-0.4921875,6,9],"to":[0,7,10],"faces":{"north":{"uv":[9,9,10,10],"texture":"#all","cullface":"west"},"south":{"uv":[9,9,10,10],"texture":"#all","cullface":"west"},"west":{"uv":[9,9,10,10],"texture":"#all","cullface":"west"},"up":{"uv":[10,9,9,10],"texture":"#all","cullface":"west","rotation":270},"down":{"uv":[10,9,9,10],"texture":"#all","cullface":"west","rotation":90}}},{"from":[-0.4921875,9,7],"to":[0,10,8],"faces":{"north":{"uv":[7,6,8,7],"texture":"#all","cullface":"west"},"south":{"uv":[7,6,8,7],"texture":"#all","cullface":"west"},"west":{"uv":[7,6,8,7],"texture":"#all","cullface":"west"},"up":{"uv":[8,6,7,7],"texture":"#all","cullface":"west","rotation":270},"down":{"uv":[8,6,7,7],"texture":"#all","cullface":"west","rotation":90}}},{"from":[-0.4921875,1,7],"to":[0,3,8],"faces":{"north":{"uv":[7,13,8,15],"texture":"#all","cullface":"west"},"south":{"uv":[7,13,8,15],"texture":"#all","cullface":"west"},"west":{"uv":[7,13,8,15],"texture":"#all","cullface":"west"},"up":{"uv":[8,13,7,14],"texture":"#all","cullface":"west","rotation":270},"down":{"uv":[8,14,7,15],"texture":"#all","cullface":"west","rotation":90}}},{"from":[-0.4921875,3,6],"to":[0,5,7],"faces":{"north":{"uv":[6,11,7,13],"texture":"#all","cullface":"west"},"south":{"uv":[6,11,7,13],"texture":"#all","cullface":"west"},"west":{"uv":[6,11,7,13],"texture":"#all","cullface":"west"},"up":{"uv":[7,11,6,12],"texture":"#all","cullface":"west","rotation":270},"down":{"uv":[7,12,6,13],"texture":"#all","cullface":"west","rotation":90}}},{"from":[-0.4921875,14,14],"to":[0,15.9921875,15],"faces":{"north":{"uv":[14,0,15,2],"texture":"#all","cullface":"west"},"south":{"uv":[14,0,15,2],"texture":"#all","cullface":"west"},"west":{"uv":[14,0,15,2],"texture":"#all","cullface":"west"},"down":{"uv":[15,1,14,2],"texture":"#all","cullface":"west","rotation":90}}},{"from":[-0.4921875,10,15],"to":[0,12,15.9921875],"faces":{"north":{"uv":[15,4,16,6],"texture":"#all","cullface":"west"},"south":{"uv":[15,4,16,6],"texture":"#all","cullface":"west"},"west":{"uv":[15,4,16,6],"texture":"#all","cullface":"west"},"up":{"uv":[16,4,15,5],"texture":"#all","cullface":"west","rotation":270},"down":{"uv":[16,5,15,6],"texture":"#all","cullface":"west","rotation":90}}},{"from":[-0.4921875,2,14],"to":[0,4,15],"faces":{"north":{"uv":[14,12,15,14],"texture":"#all","cullface":"west"},"south":{"uv":[14,12,15,14],"texture":"#all","cullface":"west"},"west":{"uv":[14,12,15,14],"texture":"#all","cullface":"west"},"up":{"uv":[15,12,14,13],"texture":"#all","cullface":"west","rotation":270}}},{"from":[-0.4921875,2,13],"to":[0,3,15],"faces":{"north":{"uv":[13,13,14,14],"texture":"#all","cullface":"west"},"west":{"uv":[13,13,15,14],"texture":"#all","cullface":"west"},"up":{"uv":[15,13,13,14],"texture":"#all","cullface":"west","rotation":270},"down":{"uv":[15,13,13,14],"texture":"#all","cullface":"west","rotation":90}}},{"from":[-0.4921875,12,10],"to":[0,13,12],"faces":{"north":{"uv":[10,3,11,4],"texture":"#all","cullface":"west"},"south":{"uv":[11,3,12,4],"texture":"#all","cullface":"west"},"west":{"uv":[10,3,12,4],"texture":"#all","cullface":"west"},"up":{"uv":[12,3,10,4],"texture":"#all","cullface":"west","rotation":270},"down":{"uv":[12,3,10,4],"texture":"#all","cullface":"west","rotation":90}}},{"from":[-0.4921875,13,9],"to":[0,14,11],"faces":{"north":{"uv":[9,2,10,3],"texture":"#all","cullface":"west"},"south":{"uv":[10,2,11,3],"texture":"#all","cullface":"west"},"west":{"uv":[9,2,11,3],"texture":"#all","cullface":"west"},"up":{"uv":[11,2,9,3],"texture":"#all","cullface":"west","rotation":270},"down":{"uv":[11,2,9,3],"texture":"#all","cullface":"west","rotation":90}}},{"from":[-0.4921875,13,1],"to":[0,14,2],"faces":{"north":{"uv":[1,2,2,3],"texture":"#all","cullface":"west"},"south":{"uv":[1,2,2,3],"texture":"#all","cullface":"west"},"west":{"uv":[1,2,2,3],"texture":"#all","cullface":"west"},"up":{"uv":[2,2,1,3],"texture":"#all","cullface":"west","rotation":270},"down":{"uv":[2,2,1,3],"texture":"#all","cullface":"west","rotation":90}}},{"from":[-0.4921875,12,0.0078125],"to":[0,13,1],"faces":{"north":{"uv":[0,3,1,4],"texture":"#all","cullface":"west"},"south":{"uv":[0,3,1,4],"texture":"#all","cullface":"west"},"west":{"uv":[0,3,1,4],"texture":"#all","cullface":"west"},"up":{"uv":[1,3,0,4],"texture":"#all","cullface":"west","rotation":270},"down":{"uv":[1,3,0,4],"texture":"#all","cullface":"west","rotation":90}}},{"from":[-0.4921875,14,2],"to":[0,15,5],"faces":{"north":{"uv":[2,1,3,2],"texture":"#all","cullface":"west"},"south":{"uv":[4,1,5,2],"texture":"#all","cullface":"west"},"west":{"uv":[2,1,5,2],"texture":"#all","cullface":"west"},"up":{"uv":[5,1,2,2],"texture":"#all","cullface":"west","rotation":270},"down":{"uv":[5,1,2,2],"texture":"#all","cullface":"west","rotation":90}}},{"from":[-0.4921875,15,13],"to":[0,15.9921875,15],"faces":{"north":{"uv":[13,0,14,1],"texture":"#all","cullface":"west"},"west":{"uv":[13,0,15,1],"texture":"#all","cullface":"west"},"up":{"uv":[15,0,13,1],"texture":"#all","cullface":"west","rotation":270},"down":{"uv":[15,0,13,1],"texture":"#all","cullface":"west","rotation":90}}},{"from":[-0.4921875,7,10],"to":[0,8,13],"faces":{"north":{"uv":[10,8,11,9],"texture":"#all","cullface":"west"},"south":{"uv":[12,8,13,9],"texture":"#all","cullface":"west"},"west":{"uv":[10,8,13,9],"texture":"#all","cullface":"west"},"up":{"uv":[13,8,10,9],"texture":"#all","cullface":"west","rotation":270},"down":{"uv":[13,8,10,9],"texture":"#all","cullface":"west","rotation":90}}},{"from":[-0.4921875,5,4],"to":[0,6,6],"faces":{"north":{"uv":[4,10,5,11],"texture":"#all","cullface":"west"},"south":{"uv":[5,10,6,11],"texture":"#all","cullface":"west"},"west":{"uv":[4,10,6,11],"texture":"#all","cullface":"west"},"up":{"uv":[6,10,4,11],"texture":"#all","cullface":"west","rotation":270},"down":{"uv":[6,10,4,11],"texture":"#all","cullface":"west","rotation":90}}},{"from":[-0.4921875,8,5],"to":[0,9,7],"faces":{"north":{"uv":[5,7,6,8],"texture":"#all","cullface":"west"},"south":{"uv":[6,7,7,8],"texture":"#all","cullface":"west"},"west":{"uv":[5,7,7,8],"texture":"#all","cullface":"west"},"up":{"uv":[7,7,5,8],"texture":"#all","cullface":"west","rotation":270},"down":{"uv":[7,7,5,8],"texture":"#all","cullface":"west","rotation":90}}},{"from":[-0.4921875,9,12],"to":[0,12,13],"faces":{"north":{"uv":[12,4,13,7],"texture":"#all","cullface":"west"},"south":{"uv":[12,4,13,7],"texture":"#all","cullface":"west"},"west":{"uv":[12,4,13,7],"texture":"#all","cullface":"west"},"up":{"uv":[13,4,12,5],"texture":"#all","cullface":"west","rotation":270},"down":{"uv":[13,6,12,7],"texture":"#all","cullface":"west","rotation":90}}},{"from":[-0.4921875,4,15],"to":[0,7,15.9921875],"faces":{"north":{"uv":[15,9,16,12],"texture":"#all","cullface":"west"},"south":{"uv":[15,9,16,12],"texture":"#all","cullface":"west"},"west":{"uv":[15,9,16,12],"texture":"#all","cullface":"west"},"up":{"uv":[16,9,15,10],"texture":"#all","cullface":"west","rotation":270},"down":{"uv":[16,11,15,12],"texture":"#all","cullface":"west","rotation":90}}},{"from":[12,16,15],"to":[13,16.492188,15.9921875],"faces":{"north":{"uv":[13,15,12,16],"texture":"#all","cullface":"up"},"east":{"uv":[12,15,13,16],"texture":"#all","cullface":"up","rotation":90},"south":{"uv":[13,15,12,16],"texture":"#all","cullface":"up","rotation":180},"west":{"uv":[12,15,13,16],"texture":"#all","cullface":"up","rotation":270},"up":{"uv":[12,15,13,16],"texture":"#all","cullface":"up"}}},{"from":[9,16,9],"to":[10,16.492188,10],"faces":{"north":{"uv":[10,9,9,10],"texture":"#all","cullface":"up"},"east":{"uv":[9,9,10,10],"texture":"#all","cullface":"up","rotation":90},"south":{"uv":[10,9,9,10],"texture":"#all","cullface":"up","rotation":180},"west":{"uv":[9,9,10,10],"texture":"#all","cullface":"up","rotation":270},"up":{"uv":[9,9,10,10],"texture":"#all","cullface":"up"}}},{"from":[7,16,6],"to":[8,16.492188,7],"faces":{"north":{"uv":[8,6,7,7],"texture":"#all","cullface":"up"},"east":{"uv":[7,6,8,7],"texture":"#all","cullface":"up","rotation":90},"south":{"uv":[8,6,7,7],"texture":"#all","cullface":"up","rotation":180},"west":{"uv":[7,6,8,7],"texture":"#all","cullface":"up","rotation":270},"up":{"uv":[7,6,8,7],"texture":"#all","cullface":"up"}}},{"from":[7,16,13],"to":[8,16.492188,15],"faces":{"north":{"uv":[8,13,7,14],"texture":"#all","cullface":"up"},"east":{"uv":[7,13,8,15],"texture":"#all","cullface":"up","rotation":90},"south":{"uv":[8,14,7,15],"texture":"#all","cullface":"up","rotation":180},"west":{"uv":[7,13,8,15],"texture":"#all","cullface":"up","rotation":270},"up":{"uv":[7,13,8,15],"texture":"#all","cullface":"up"}}},{"from":[6,16,11],"to":[7,16.492188,13],"faces":{"north":{"uv":[7,11,6,12],"texture":"#all","cullface":"up"},"east":{"uv":[6,11,7,13],"texture":"#all","cullface":"up","rotation":90},"south":{"uv":[7,12,6,13],"texture":"#all","cullface":"up","rotation":180},"west":{"uv":[6,11,7,13],"texture":"#all","cullface":"up","rotation":270},"up":{"uv":[6,11,7,13],"texture":"#all","cullface":"up"}}},{"from":[14,16,0.0078125],"to":[15,16.492188,2],"faces":{"east":{"uv":[14,0,15,2],"texture":"#all","cullface":"up","rotation":90},"south":{"uv":[15,1,14,2],"texture":"#all","cullface":"up","rotation":180},"west":{"uv":[14,0,15,2],"texture":"#all","cullface":"up","rotation":270},"up":{"uv":[14,0,15,2],"texture":"#all","cullface":"up"}}},{"from":[15,16,4],"to":[15.9921875,16.492188,6],"faces":{"north":{"uv":[16,4,15,5],"texture":"#all","cullface":"up"},"east":{"uv":[15,4,16,6],"texture":"#all","cullface":"up","rotation":90},"south":{"uv":[16,5,15,6],"texture":"#all","cullface":"up","rotation":180},"west":{"uv":[15,4,16,6],"texture":"#all","cullface":"up","rotation":270},"up":{"uv":[15,4,16,6],"texture":"#all","cullface":"up"}}},{"from":[14,16,12],"to":[15,16.492188,14],"faces":{"north":{"uv":[15,12,14,13],"texture":"#all","cullface":"up"},"east":{"uv":[14,12,15,14],"texture":"#all","cullface":"up","rotation":90},"west":{"uv":[14,12,15,14],"texture":"#all","cullface":"up","rotation":270},"up":{"uv":[14,12,15,14],"texture":"#all","cullface":"up"}}},{"from":[13,16,13],"to":[15,16.492188,14],"faces":{"north":{"uv":[15,13,13,14],"texture":"#all","cullface":"up"},"south":{"uv":[15,13,13,14],"texture":"#all","cullface":"up","rotation":180},"west":{"uv":[13,13,14,14],"texture":"#all","cullface":"up","rotation":270},"up":{"uv":[13,13,15,14],"texture":"#all","cullface":"up"}}},{"from":[10,16,3],"to":[12,16.492188,4],"faces":{"north":{"uv":[12,3,10,4],"texture":"#all","cullface":"up"},"east":{"uv":[11,3,12,4],"texture":"#all","cullface":"up","rotation":90},"south":{"uv":[12,3,10,4],"texture":"#all","cullface":"up","rotation":180},"west":{"uv":[10,3,11,4],"texture":"#all","cullface":"up","rotation":270},"up":{"uv":[10,3,12,4],"texture":"#all","cullface":"up"}}},{"from":[9,16,2],"to":[11,16.492188,3],"faces":{"north":{"uv":[11,2,9,3],"texture":"#all","cullface":"up"},"east":{"uv":[10,2,11,3],"texture":"#all","cullface":"up","rotation":90},"south":{"uv":[11,2,9,3],"texture":"#all","cullface":"up","rotation":180},"west":{"uv":[9,2,10,3],"texture":"#all","cullface":"up","rotation":270},"up":{"uv":[9,2,11,3],"texture":"#all","cullface":"up"}}},{"from":[1,16,2],"to":[2,16.492188,3],"faces":{"north":{"uv":[2,2,1,3],"texture":"#all","cullface":"up"},"east":{"uv":[1,2,2,3],"texture":"#all","cullface":"up","rotation":90},"south":{"uv":[2,2,1,3],"texture":"#all","cullface":"up","rotation":180},"west":{"uv":[1,2,2,3],"texture":"#all","cullface":"up","rotation":270},"up":{"uv":[1,2,2,3],"texture":"#all","cullface":"up"}}},{"from":[0.0078125,16,3],"to":[1,16.492188,4],"faces":{"north":{"uv":[1,3,0,4],"texture":"#all","cullface":"up"},"east":{"uv":[0,3,1,4],"texture":"#all","cullface":"up","rotation":90},"south":{"uv":[1,3,0,4],"texture":"#all","cullface":"up","rotation":180},"west":{"uv":[0,3,1,4],"texture":"#all","cullface":"up","rotation":270},"up":{"uv":[0,3,1,4],"texture":"#all","cullface":"up"}}},{"from":[2,16,1],"to":[5,16.492188,2],"faces":{"north":{"uv":[5,1,2,2],"texture":"#all","cullface":"up"},"east":{"uv":[4,1,5,2],"texture":"#all","cullface":"up","rotation":90},"south":{"uv":[5,1,2,2],"texture":"#all","cullface":"up","rotation":180},"west":{"uv":[2,1,3,2],"texture":"#all","cullface":"up","rotation":270},"up":{"uv":[2,1,5,2],"texture":"#all","cullface":"up"}}},{"from":[13,16,0.0078125],"to":[15,16.492188,1],"faces":{"north":{"uv":[15,0,13,1],"texture":"#all","cullface":"up"},"south":{"uv":[15,0,13,1],"texture":"#all","cullface":"up","rotation":180},"west":{"uv":[13,0,14,1],"texture":"#all","cullface":"up","rotation":270},"up":{"uv":[13,0,15,1],"texture":"#all","cullface":"up"}}},{"from":[10,16,8],"to":[13,16.492188,9],"faces":{"north":{"uv":[13,8,10,9],"texture":"#all","cullface":"up"},"east":{"uv":[12,8,13,9],"texture":"#all","cullface":"up","rotation":90},"south":{"uv":[13,8,10,9],"texture":"#all","cullface":"up","rotation":180},"west":{"uv":[10,8,11,9],"texture":"#all","cullface":"up","rotation":270},"up":{"uv":[10,8,13,9],"texture":"#all","cullface":"up"}}},{"from":[4,16,10],"to":[6,16.492188,11],"faces":{"north":{"uv":[6,10,4,11],"texture":"#all","cullface":"up"},"east":{"uv":[5,10,6,11],"texture":"#all","cullface":"up","rotation":90},"south":{"uv":[6,10,4,11],"texture":"#all","cullface":"up","rotation":180},"west":{"uv":[4,10,5,11],"texture":"#all","cullface":"up","rotation":270},"up":{"uv":[4,10,6,11],"texture":"#all","cullface":"up"}}},{"from":[5,16,7],"to":[7,16.492188,8],"faces":{"north":{"uv":[7,7,5,8],"texture":"#all","cullface":"up"},"east":{"uv":[6,7,7,8],"texture":"#all","cullface":"up","rotation":90},"south":{"uv":[7,7,5,8],"texture":"#all","cullface":"up","rotation":180},"west":{"uv":[5,7,6,8],"texture":"#all","cullface":"up","rotation":270},"up":{"uv":[5,7,7,8],"texture":"#all","cullface":"up"}}},{"from":[12,16,4],"to":[13,16.492188,7],"faces":{"north":{"uv":[13,4,12,5],"texture":"#all","cullface":"up"},"east":{"uv":[12,4,13,7],"texture":"#all","cullface":"up","rotation":90},"south":{"uv":[13,6,12,7],"texture":"#all","cullface":"up","rotation":180},"west":{"uv":[12,4,13,7],"texture":"#all","cullface":"up","rotation":270},"up":{"uv":[12,4,13,7],"texture":"#all","cullface":"up"}}},{"from":[15,16,9],"to":[15.9921875,16.492188,12],"faces":{"north":{"uv":[16,9,15,10],"texture":"#all","cullface":"up"},"east":{"uv":[15,9,16,12],"texture":"#all","cullface":"up","rotation":90},"south":{"uv":[16,11,15,12],"texture":"#all","cullface":"up","rotation":180},"west":{"uv":[15,9,16,12],"texture":"#all","cullface":"up","rotation":270},"up":{"uv":[15,9,16,12],"texture":"#all","cullface":"up"}}},{"from":[12,-0.4921875,0.0078125],"to":[13,0,1],"faces":{"north":{"uv":[13,15,12,16],"texture":"#all","cullface":"down"},"east":{"uv":[12,15,13,16],"texture":"#all","cullface":"down","rotation":270},"south":{"uv":[13,15,12,16],"texture":"#all","cullface":"down","rotation":180},"west":{"uv":[12,15,13,16],"texture":"#all","cullface":"down","rotation":90},"down":{"uv":[12,15,13,16],"texture":"#all","cullface":"down"}}},{"from":[9,-0.4921875,6],"to":[10,0,7],"faces":{"north":{"uv":[10,9,9,10],"texture":"#all","cullface":"down"},"east":{"uv":[9,9,10,10],"texture":"#all","cullface":"down","rotation":270},"south":{"uv":[10,9,9,10],"texture":"#all","cullface":"down","rotation":180},"west":{"uv":[9,9,10,10],"texture":"#all","cullface":"down","rotation":90},"down":{"uv":[9,9,10,10],"texture":"#all","cullface":"down"}}},{"from":[7,-0.4921875,9],"to":[8,0,10],"faces":{"north":{"uv":[8,6,7,7],"texture":"#all","cullface":"down"},"east":{"uv":[7,6,8,7],"texture":"#all","cullface":"down","rotation":270},"south":{"uv":[8,6,7,7],"texture":"#all","cullface":"down","rotation":180},"west":{"uv":[7,6,8,7],"texture":"#all","cullface":"down","rotation":90},"down":{"uv":[7,6,8,7],"texture":"#all","cullface":"down"}}},{"from":[7,-0.4921875,1],"to":[8,0,3],"faces":{"north":{"uv":[8,14,7,15],"texture":"#all","cullface":"down"},"east":{"uv":[7,13,8,15],"texture":"#all","cullface":"down","rotation":270},"south":{"uv":[8,13,7,14],"texture":"#all","cullface":"down","rotation":180},"west":{"uv":[7,13,8,15],"texture":"#all","cullface":"down","rotation":90},"down":{"uv":[7,13,8,15],"texture":"#all","cullface":"down"}}},{"from":[6,-0.4921875,3],"to":[7,0,5],"faces":{"north":{"uv":[7,12,6,13],"texture":"#all","cullface":"down"},"east":{"uv":[6,11,7,13],"texture":"#all","cullface":"down","rotation":270},"south":{"uv":[7,11,6,12],"texture":"#all","cullface":"down","rotation":180},"west":{"uv":[6,11,7,13],"texture":"#all","cullface":"down","rotation":90},"down":{"uv":[6,11,7,13],"texture":"#all","cullface":"down"}}},{"from":[14,-0.4921875,14],"to":[15,0,15.9921875],"faces":{"north":{"uv":[15,1,14,2],"texture":"#all","cullface":"down"},"east":{"uv":[14,0,15,2],"texture":"#all","cullface":"down","rotation":270},"west":{"uv":[14,0,15,2],"texture":"#all","cullface":"down","rotation":90},"down":{"uv":[14,0,15,2],"texture":"#all","cullface":"down"}}},{"from":[15,-0.4921875,10],"to":[15.9921875,0,12],"faces":{"north":{"uv":[16,5,15,6],"texture":"#all","cullface":"down"},"east":{"uv":[15,4,16,6],"texture":"#all","cullface":"down","rotation":270},"south":{"uv":[16,4,15,5],"texture":"#all","cullface":"down","rotation":180},"west":{"uv":[15,4,16,6],"texture":"#all","cullface":"down","rotation":90},"down":{"uv":[15,4,16,6],"texture":"#all","cullface":"down"}}},{"from":[14,-0.4921875,2],"to":[15,0,4],"faces":{"east":{"uv":[14,12,15,14],"texture":"#all","cullface":"down","rotation":270},"south":{"uv":[15,12,14,13],"texture":"#all","cullface":"down","rotation":180},"west":{"uv":[14,12,15,14],"texture":"#all","cullface":"down","rotation":90},"down":{"uv":[14,12,15,14],"texture":"#all","cullface":"down"}}},{"from":[13,-0.4921875,2],"to":[15,0,3],"faces":{"north":{"uv":[15,13,13,14],"texture":"#all","cullface":"down"},"south":{"uv":[15,13,13,14],"texture":"#all","cullface":"down","rotation":180},"west":{"uv":[13,13,14,14],"texture":"#all","cullface":"down","rotation":90},"down":{"uv":[13,13,15,14],"texture":"#all","cullface":"down"}}},{"from":[10,-0.4921875,12],"to":[12,0,13],"faces":{"north":{"uv":[12,3,10,4],"texture":"#all","cullface":"down"},"east":{"uv":[11,3,12,4],"texture":"#all","cullface":"down","rotation":270},"south":{"uv":[12,3,10,4],"texture":"#all","cullface":"down","rotation":180},"west":{"uv":[10,3,11,4],"texture":"#all","cullface":"down","rotation":90},"down":{"uv":[10,3,12,4],"texture":"#all","cullface":"down"}}},{"from":[9,-0.4921875,13],"to":[11,0,14],"faces":{"north":{"uv":[11,2,9,3],"texture":"#all","cullface":"down"},"east":{"uv":[10,2,11,3],"texture":"#all","cullface":"down","rotation":270},"south":{"uv":[11,2,9,3],"texture":"#all","cullface":"down","rotation":180},"west":{"uv":[9,2,10,3],"texture":"#all","cullface":"down","rotation":90},"down":{"uv":[9,2,11,3],"texture":"#all","cullface":"down"}}},{"from":[1,-0.4921875,13],"to":[2,0,14],"faces":{"north":{"uv":[2,2,1,3],"texture":"#all","cullface":"down"},"east":{"uv":[1,2,2,3],"texture":"#all","cullface":"down","rotation":270},"south":{"uv":[2,2,1,3],"texture":"#all","cullface":"down","rotation":180},"west":{"uv":[1,2,2,3],"texture":"#all","cullface":"down","rotation":90},"down":{"uv":[1,2,2,3],"texture":"#all","cullface":"down"}}},{"from":[0.0078125,-0.4921875,12],"to":[1,0,13],"faces":{"north":{"uv":[1,3,0,4],"texture":"#all","cullface":"down"},"east":{"uv":[0,3,1,4],"texture":"#all","cullface":"down","rotation":270},"south":{"uv":[1,3,0,4],"texture":"#all","cullface":"down","rotation":180},"west":{"uv":[0,3,1,4],"texture":"#all","cullface":"down","rotation":90},"down":{"uv":[0,3,1,4],"texture":"#all","cullface":"down"}}},{"from":[2,-0.4921875,14],"to":[5,0,15],"faces":{"north":{"uv":[5,1,2,2],"texture":"#all","cullface":"down"},"east":{"uv":[4,1,5,2],"texture":"#all","cullface":"down","rotation":270},"south":{"uv":[5,1,2,2],"texture":"#all","cullface":"down","rotation":180},"west":{"uv":[2,1,3,2],"texture":"#all","cullface":"down","rotation":90},"down":{"uv":[2,1,5,2],"texture":"#all","cullface":"down"}}},{"from":[13,-0.4921875,15],"to":[15,0,15.9921875],"faces":{"north":{"uv":[15,0,13,1],"texture":"#all","cullface":"down"},"south":{"uv":[15,0,13,1],"texture":"#all","cullface":"down","rotation":180},"west":{"uv":[13,0,14,1],"texture":"#all","cullface":"down","rotation":90},"down":{"uv":[13,0,15,1],"texture":"#all","cullface":"down"}}},{"from":[10,-0.4921875,7],"to":[13,0,8],"faces":{"north":{"uv":[13,8,10,9],"texture":"#all","cullface":"down"},"east":{"uv":[12,8,13,9],"texture":"#all","cullface":"down","rotation":270},"south":{"uv":[13,8,10,9],"texture":"#all","cullface":"down","rotation":180},"west":{"uv":[10,8,11,9],"texture":"#all","cullface":"down","rotation":90},"down":{"uv":[10,8,13,9],"texture":"#all","cullface":"down"}}},{"from":[4,-0.4921875,5],"to":[6,0,6],"faces":{"north":{"uv":[6,10,4,11],"texture":"#all","cullface":"down"},"east":{"uv":[5,10,6,11],"texture":"#all","cullface":"down","rotation":270},"south":{"uv":[6,10,4,11],"texture":"#all","cullface":"down","rotation":180},"west":{"uv":[4,10,5,11],"texture":"#all","cullface":"down","rotation":90},"down":{"uv":[4,10,6,11],"texture":"#all","cullface":"down"}}},{"from":[5,-0.4921875,8],"to":[7,0,9],"faces":{"north":{"uv":[7,7,5,8],"texture":"#all","cullface":"down"},"east":{"uv":[6,7,7,8],"texture":"#all","cullface":"down","rotation":270},"south":{"uv":[7,7,5,8],"texture":"#all","cullface":"down","rotation":180},"west":{"uv":[5,7,6,8],"texture":"#all","cullface":"down","rotation":90},"down":{"uv":[5,7,7,8],"texture":"#all","cullface":"down"}}},{"from":[12,-0.4921875,9],"to":[13,0,12],"faces":{"north":{"uv":[13,6,12,7],"texture":"#all","cullface":"down"},"east":{"uv":[12,4,13,7],"texture":"#all","cullface":"down","rotation":270},"south":{"uv":[13,4,12,5],"texture":"#all","cullface":"down","rotation":180},"west":{"uv":[12,4,13,7],"texture":"#all","cullface":"down","rotation":90},"down":{"uv":[12,4,13,7],"texture":"#all","cullface":"down"}}},{"from":[15,-0.4921875,4],"to":[15.9921875,0,7],"faces":{"north":{"uv":[16,11,15,12],"texture":"#all","cullface":"down"},"east":{"uv":[15,9,16,12],"texture":"#all","cullface":"down","rotation":270},"south":{"uv":[16,9,15,10],"texture":"#all","cullface":"down","rotation":180},"west":{"uv":[15,9,16,12],"texture":"#all","cullface":"down","rotation":90},"down":{"uv":[15,9,16,12],"texture":"#all","cullface":"down"}}}]}