{"parent":"display/block_inside","textures":{"particle":"#all"},"elements":[{"from":[0,0,0],"to":[16,16,16],"faces":{"north":{"uv":[0,0,16,16],"texture":"#all","cullface":"north"},"east":{"uv":[0,0,16,16],"texture":"#all","cullface":"east"},"south":{"uv":[0,0,16,16],"texture":"#all","cullface":"south"},"west":{"uv":[0,0,16,16],"texture":"#all","cullface":"west"},"up":{"uv":[0,0,16,16],"texture":"#all","cullface":"up"},"down":{"uv":[0,0,16,16],"texture":"#all","cullface":"down"}}},{"from":[4,3,16],"to":[6,4,16.5],"rotation":{"angle":0,"axis":"y","origin":[8,8,8]},"faces":{"east":{"uv":[5,12,6,13],"texture":"#all","cullface":"south"},"south":{"uv":[4,12,6,13],"texture":"#all","cullface":"south"},"west":{"uv":[4,12,5,13],"texture":"#all","cullface":"south"},"up":{"uv":[4,12,6,13],"texture":"#all","cullface":"south"},"down":{"uv":[4,12,6,13],"texture":"#all","cullface":"south"}}},{"from":[13,10,16],"to":[15,11,16.5],"rotation":{"angle":0,"axis":"y","origin":[8,8,8]},"faces":{"east":{"uv":[14,5,15,6],"texture":"#all","cullface":"south"},"south":{"uv":[13,5,15,6],"texture":"#all","cullface":"south"},"west":{"uv":[13,5,14,6],"texture":"#all","cullface":"south"},"up":{"uv":[13,5,15,6],"texture":"#all","cullface":"south"},"down":{"uv":[13,5,15,6],"texture":"#all","cullface":"south"}}},{"from":[1,2,16],"to":[3,3,16.75],"rotation":{"angle":0,"axis":"y","origin":[8,8,8]},"faces":{"east":{"uv":[2,13,3,14],"texture":"#all","cullface":"south"},"south":{"uv":[1,13,3,14],"texture":"#all","cullface":"south"},"west":{"uv":[1,13,2,14],"texture":"#all","cullface":"south"},"up":{"uv":[1,13,3,14],"texture":"#all","cullface":"south"},"down":{"uv":[1,13,3,14],"texture":"#all","cullface":"south"}}},{"from":[2,1,16],"to":[4,2,16.5],"rotation":{"angle":0,"axis":"y","origin":[8,8,8]},"faces":{"east":{"uv":[3,14,4,15],"texture":"#all","cullface":"south"},"south":{"uv":[2,14,4,15],"texture":"#all","cullface":"south"},"west":{"uv":[2,14,3,15],"texture":"#all","cullface":"south"},"up":{"uv":[2,14,4,15],"texture":"#all","cullface":"south"},"down":{"uv":[2,14,4,15],"texture":"#all","cullface":"south"}}},{"from":[3,6,16],"to":[5,8,16.75],"rotation":{"angle":0,"axis":"y","origin":[8,8,8]},"faces":{"east":{"uv":[4,8,5,10],"texture":"#all","cullface":"south"},"south":{"uv":[3,8,5,10],"texture":"#all","cullface":"south"},"west":{"uv":[3,8,4,10],"texture":"#all","cullface":"south"},"up":{"uv":[3,8,5,9],"texture":"#all","cullface":"south"},"down":{"uv":[3,9,5,10],"texture":"#all","cullface":"south"}}},{"from":[4,5,16],"to":[6,7,16.75],"rotation":{"angle":0,"axis":"y","origin":[8,8,8]},"faces":{"east":{"uv":[5,9,6,11],"texture":"#all","cullface":"south"},"south":{"uv":[4,9,6,11],"texture":"#all","cullface":"south"},"west":{"uv":[4,9,5,11],"texture":"#all","cullface":"south"},"up":{"uv":[4,9,6,10],"texture":"#all","cullface":"south"},"down":{"uv":[4,10,6,11],"texture":"#all","cullface":"south"}}},{"from":[9,2,16],"to":[13,4,16.75],"rotation":{"angle":0,"axis":"y","origin":[8,8,8]},"faces":{"east":{"uv":[12,12,13,14],"texture":"#all","cullface":"south"},"south":{"uv":[9,12,13,14],"texture":"#all","cullface":"south"},"west":{"uv":[9,12,10,14],"texture":"#all","cullface":"south"},"up":{"uv":[9,12,13,13],"texture":"#all","cullface":"south"},"down":{"uv":[9,13,13,14],"texture":"#all","cullface":"south"}}},{"from":[9,7,16],"to":[13,8,16.75],"rotation":{"angle":0,"axis":"y","origin":[8,8,8]},"faces":{"east":{"uv":[12,8,13,9],"texture":"#all","cullface":"south"},"south":{"uv":[9,8,13,9],"texture":"#all","cullface":"south"},"west":{"uv":[9,8,10,9],"texture":"#all","cullface":"south"},"up":{"uv":[9,8,13,9],"texture":"#all","cullface":"south"},"down":{"uv":[9,8,13,9],"texture":"#all","cullface":"south"}}},{"from":[4,10,16],"to":[11,11,16.75],"rotation":{"angle":0,"axis":"y","origin":[8,8,8]},"faces":{"east":{"uv":[10,5,11,6],"texture":"#all","cullface":"south"},"south":{"uv":[4,5,11,6],"texture":"#all","cullface":"south"},"west":{"uv":[4,5,5,6],"texture":"#all","cullface":"south"},"up":{"uv":[4,5,11,6],"texture":"#all","cullface":"south"},"down":{"uv":[4,5,11,6],"texture":"#all","cullface":"south"}}},{"from":[1,12,16],"to":[4,13,16.5],"rotation":{"angle":0,"axis":"y","origin":[8,8,8]},"faces":{"east":{"uv":[3,3,4,4],"texture":"#all","cullface":"south"},"south":{"uv":[1,3,4,4],"texture":"#all","cullface":"south"},"west":{"uv":[1,3,2,4],"texture":"#all","cullface":"south"},"up":{"uv":[1,3,4,4],"texture":"#all","cullface":"south"},"down":{"uv":[1,3,4,4],"texture":"#all","cullface":"south"}}},{"from":[11,13,16],"to":[13,14,16.75],"rotation":{"angle":0,"axis":"y","origin":[8,8,8]},"faces":{"east":{"uv":[12,2,13,3],"texture":"#all","cullface":"south"},"south":{"uv":[11,2,13,3],"texture":"#all","cullface":"south"},"west":{"uv":[11,2,12,3],"texture":"#all","cullface":"south"},"up":{"uv":[11,2,13,3],"texture":"#all","cullface":"south"},"down":{"uv":[11,2,13,3],"texture":"#all","cullface":"south"}}},{"from":[7,11,16],"to":[12,12,16.5],"rotation":{"angle":0,"axis":"y","origin":[8,8,8]},"faces":{"east":{"uv":[11,4,12,5],"texture":"#all","cullface":"south"},"south":{"uv":[7,4,12,5],"texture":"#all","cullface":"south"},"west":{"uv":[7,4,8,5],"texture":"#all","cullface":"south"},"up":{"uv":[7,4,12,5],"texture":"#all","cullface":"south"},"down":{"uv":[7,4,12,5],"texture":"#all","cullface":"south"}}},{"from":[6,9,16],"to":[9,10,16.5],"rotation":{"angle":0,"axis":"y","origin":[8,8,8]},"faces":{"east":{"uv":[8,6,9,7],"texture":"#all","cullface":"south"},"south":{"uv":[6,6,9,7],"texture":"#all","cullface":"south"},"west":{"uv":[6,6,7,7],"texture":"#all","cullface":"south"},"down":{"uv":[6,6,9,7],"texture":"#all","cullface":"south"}}},{"from":[2,6,16],"to":[7,7,16.5],"rotation":{"angle":0,"axis":"y","origin":[8,8,8]},"faces":{"east":{"uv":[6,9,7,10],"texture":"#all","cullface":"south"},"south":{"uv":[2,9,7,10],"texture":"#all","cullface":"south"},"west":{"uv":[2,9,3,10],"texture":"#all","cullface":"south"},"up":{"uv":[2,9,7,10],"texture":"#all","cullface":"south"},"down":{"uv":[2,9,7,10],"texture":"#all","cullface":"south"}}},{"from":[2,13,16],"to":[5,14,16.75],"rotation":{"angle":0,"axis":"y","origin":[8,8,8]},"faces":{"east":{"uv":[4,2,5,3],"texture":"#all","cullface":"south"},"south":{"uv":[2,2,5,3],"texture":"#all","cullface":"south"},"west":{"uv":[2,2,3,3],"texture":"#all","cullface":"south"},"up":{"uv":[2,2,5,3],"texture":"#all","cullface":"south"},"down":{"uv":[2,2,5,3],"texture":"#all","cullface":"south"}}},{"from":[10,6,16],"to":[12,7,16.5],"rotation":{"angle":0,"axis":"y","origin":[8,8,8]},"faces":{"east":{"uv":[11,9,12,10],"texture":"#all","cullface":"south"},"south":{"uv":[10,9,12,10],"texture":"#all","cullface":"south"},"west":{"uv":[10,9,11,10],"texture":"#all","cullface":"south"},"down":{"uv":[10,9,12,10],"texture":"#all","cullface":"south"}}},{"from":[11,4,16],"to":[13,5,16.5],"rotation":{"angle":0,"axis":"y","origin":[8,8,8]},"faces":{"east":{"uv":[12,11,13,12],"texture":"#all","cullface":"south"},"south":{"uv":[11,11,13,12],"texture":"#all","cullface":"south"},"west":{"uv":[11,11,12,12],"texture":"#all","cullface":"south"},"up":{"uv":[11,11,13,12],"texture":"#all","cullface":"south"}}},{"from":[8,3,16],"to":[15,4,16.5],"rotation":{"angle":0,"axis":"y","origin":[8,8,8]},"faces":{"east":{"uv":[14,12,15,13],"texture":"#all","cullface":"south"},"south":{"uv":[8,12,15,13],"texture":"#all","cullface":"south"},"west":{"uv":[8,12,9,13],"texture":"#all","cullface":"south"},"up":{"uv":[8,12,15,13],"texture":"#all","cullface":"south"},"down":{"uv":[8,12,15,13],"texture":"#all","cullface":"south"}}},{"from":[10,14,16],"to":[14,15,16.5],"rotation":{"angle":0,"axis":"y","origin":[8,8,8]},"faces":{"east":{"uv":[13,1,14,2],"texture":"#all","cullface":"south"},"south":{"uv":[10,1,14,2],"texture":"#all","cullface":"south"},"west":{"uv":[10,1,11,2],"texture":"#all","cullface":"south"},"up":{"uv":[10,1,14,2],"texture":"#all","cullface":"south"},"down":{"uv":[10,1,14,2],"texture":"#all","cullface":"south"}}},{"from":[4,16,12],"to":[6,16.5,13],"rotation":{"angle":0,"axis":"x","origin":[8,8,8]},"faces":{"north":{"uv":[4,12,6,13],"rotation":180,"texture":"#all","cullface":"up"},"east":{"uv":[5,12,6,13],"rotation":90,"texture":"#all","cullface":"up"},"south":{"uv":[4,12,6,13],"texture":"#all","cullface":"up"},"west":{"uv":[4,12,5,13],"rotation":270,"texture":"#all","cullface":"up"},"up":{"uv":[4,12,6,13],"texture":"#all","cullface":"up"}}},{"from":[2,16,9],"to":[7,16.5,10],"rotation":{"angle":0,"axis":"x","origin":[8,8,8]},"faces":{"north":{"uv":[2,9,7,10],"rotation":180,"texture":"#all","cullface":"up"},"east":{"uv":[6,9,7,10],"rotation":90,"texture":"#all","cullface":"up"},"south":{"uv":[2,9,7,10],"texture":"#all","cullface":"up"},"west":{"uv":[2,9,3,10],"rotation":270,"texture":"#all","cullface":"up"},"up":{"uv":[2,9,7,10],"texture":"#all","cullface":"up"}}},{"from":[1,16,13],"to":[3,16.75,14],"rotation":{"angle":0,"axis":"x","origin":[8,8,8]},"faces":{"north":{"uv":[1,13,3,14],"rotation":180,"texture":"#all","cullface":"up"},"east":{"uv":[2,13,3,14],"rotation":90,"texture":"#all","cullface":"up"},"south":{"uv":[1,13,3,14],"texture":"#all","cullface":"up"},"west":{"uv":[1,13,2,14],"rotation":270,"texture":"#all","cullface":"up"},"up":{"uv":[1,13,3,14],"texture":"#all","cullface":"up"}}},{"from":[3,16,8],"to":[5,16.75,10],"rotation":{"angle":0,"axis":"x","origin":[8,8,8]},"faces":{"north":{"uv":[3,8,5,9],"rotation":180,"texture":"#all","cullface":"up"},"east":{"uv":[4,8,5,10],"rotation":90,"texture":"#all","cullface":"up"},"south":{"uv":[3,9,5,10],"texture":"#all","cullface":"up"},"west":{"uv":[3,8,4,10],"rotation":270,"texture":"#all","cullface":"up"},"up":{"uv":[3,8,5,10],"texture":"#all","cullface":"up"}}},{"from":[1,16,3],"to":[4,16.5,4],"rotation":{"angle":0,"axis":"x","origin":[8,8,8]},"faces":{"north":{"uv":[1,3,4,4],"rotation":180,"texture":"#all","cullface":"up"},"east":{"uv":[3,3,4,4],"rotation":90,"texture":"#all","cullface":"up"},"south":{"uv":[1,3,4,4],"texture":"#all","cullface":"up"},"west":{"uv":[1,3,2,4],"rotation":270,"texture":"#all","cullface":"up"},"up":{"uv":[1,3,4,4],"texture":"#all","cullface":"up"}}},{"from":[11,16,2],"to":[13,16.75,3],"rotation":{"angle":0,"axis":"x","origin":[8,8,8]},"faces":{"north":{"uv":[11,2,13,3],"rotation":180,"texture":"#all","cullface":"up"},"east":{"uv":[12,2,13,3],"rotation":90,"texture":"#all","cullface":"up"},"south":{"uv":[11,2,13,3],"texture":"#all","cullface":"up"},"west":{"uv":[11,2,12,3],"rotation":270,"texture":"#all","cullface":"up"},"up":{"uv":[11,2,13,3],"texture":"#all","cullface":"up"}}},{"from":[4,16,9],"to":[6,16.75,11],"rotation":{"angle":0,"axis":"x","origin":[8,8,8]},"faces":{"north":{"uv":[4,9,6,10],"rotation":180,"texture":"#all","cullface":"up"},"east":{"uv":[5,9,6,11],"rotation":90,"texture":"#all","cullface":"up"},"south":{"uv":[4,10,6,11],"texture":"#all","cullface":"up"},"west":{"uv":[4,9,5,11],"rotation":270,"texture":"#all","cullface":"up"},"up":{"uv":[4,9,6,11],"texture":"#all","cullface":"up"}}},{"from":[9,16,12],"to":[13,16.75,14],"rotation":{"angle":0,"axis":"x","origin":[8,8,8]},"faces":{"north":{"uv":[9,12,13,13],"rotation":180,"texture":"#all","cullface":"up"},"east":{"uv":[12,12,13,14],"rotation":90,"texture":"#all","cullface":"up"},"south":{"uv":[9,13,13,14],"texture":"#all","cullface":"up"},"west":{"uv":[9,12,10,14],"rotation":270,"texture":"#all","cullface":"up"},"up":{"uv":[9,12,13,14],"texture":"#all","cullface":"up"}}},{"from":[9,16,8],"to":[13,16.75,9],"rotation":{"angle":0,"axis":"x","origin":[8,8,8]},"faces":{"north":{"uv":[9,8,13,9],"rotation":180,"texture":"#all","cullface":"up"},"east":{"uv":[12,8,13,9],"rotation":90,"texture":"#all","cullface":"up"},"south":{"uv":[9,8,13,9],"texture":"#all","cullface":"up"},"west":{"uv":[9,8,10,9],"rotation":270,"texture":"#all","cullface":"up"},"up":{"uv":[9,8,13,9],"texture":"#all","cullface":"up"}}},{"from":[4,16,5],"to":[11,16.75,6],"rotation":{"angle":0,"axis":"x","origin":[8,8,8]},"faces":{"north":{"uv":[4,5,11,6],"rotation":180,"texture":"#all","cullface":"up"},"east":{"uv":[10,5,11,6],"rotation":90,"texture":"#all","cullface":"up"},"south":{"uv":[4,5,11,6],"texture":"#all","cullface":"up"},"west":{"uv":[4,5,5,6],"rotation":270,"texture":"#all","cullface":"up"},"up":{"uv":[4,5,11,6],"texture":"#all","cullface":"up"}}},{"from":[2,16,14],"to":[4,16.5,15],"rotation":{"angle":0,"axis":"x","origin":[8,8,8]},"faces":{"north":{"uv":[2,14,4,15],"rotation":180,"texture":"#all","cullface":"up"},"east":{"uv":[3,14,4,15],"rotation":90,"texture":"#all","cullface":"up"},"south":{"uv":[2,14,4,15],"texture":"#all","cullface":"up"},"west":{"uv":[2,14,3,15],"rotation":270,"texture":"#all","cullface":"up"},"up":{"uv":[2,14,4,15],"texture":"#all","cullface":"up"}}},{"from":[13,16,5],"to":[15,16.5,6],"rotation":{"angle":0,"axis":"x","origin":[8,8,8]},"faces":{"north":{"uv":[13,5,15,6],"rotation":180,"texture":"#all","cullface":"up"},"east":{"uv":[14,5,15,6],"rotation":90,"texture":"#all","cullface":"up"},"south":{"uv":[13,5,15,6],"texture":"#all","cullface":"up"},"west":{"uv":[13,5,14,6],"rotation":270,"texture":"#all","cullface":"up"},"up":{"uv":[13,5,15,6],"texture":"#all","cullface":"up"}}},{"from":[10,16,9],"to":[12,16.5,10],"rotation":{"angle":0,"axis":"x","origin":[8,8,8]},"faces":{"east":{"uv":[11,9,12,10],"rotation":90,"texture":"#all","cullface":"up"},"south":{"uv":[10,9,12,10],"texture":"#all","cullface":"up"},"west":{"uv":[10,9,11,10],"rotation":270,"texture":"#all","cullface":"up"},"up":{"uv":[10,9,12,10],"texture":"#all","cullface":"up"}}},{"from":[11,16,11],"to":[13,16.5,12],"rotation":{"angle":0,"axis":"x","origin":[8,8,8]},"faces":{"north":{"uv":[11,11,13,12],"rotation":180,"texture":"#all","cullface":"up"},"east":{"uv":[12,11,13,12],"rotation":90,"texture":"#all","cullface":"up"},"west":{"uv":[11,11,12,12],"rotation":270,"texture":"#all","cullface":"up"},"up":{"uv":[11,11,13,12],"texture":"#all","cullface":"up"}}},{"from":[8,16,12],"to":[15,16.5,13],"rotation":{"angle":0,"axis":"x","origin":[8,8,8]},"faces":{"north":{"uv":[8,12,15,13],"rotation":180,"texture":"#all","cullface":"up"},"east":{"uv":[14,12,15,13],"rotation":90,"texture":"#all","cullface":"up"},"south":{"uv":[8,12,15,13],"texture":"#all","cullface":"up"},"west":{"uv":[8,12,9,13],"rotation":270,"texture":"#all","cullface":"up"},"up":{"uv":[8,12,15,13],"texture":"#all","cullface":"up"}}},{"from":[7,16,4],"to":[12,16.5,5],"rotation":{"angle":0,"axis":"x","origin":[8,8,8]},"faces":{"north":{"uv":[7,4,12,5],"rotation":180,"texture":"#all","cullface":"up"},"east":{"uv":[11,4,12,5],"rotation":90,"texture":"#all","cullface":"up"},"south":{"uv":[7,4,12,5],"texture":"#all","cullface":"up"},"west":{"uv":[7,4,8,5],"rotation":270,"texture":"#all","cullface":"up"},"up":{"uv":[7,4,12,5],"texture":"#all","cullface":"up"}}},{"from":[10,16,1],"to":[14,16.5,2],"rotation":{"angle":0,"axis":"x","origin":[8,8,8]},"faces":{"north":{"uv":[10,1,14,2],"rotation":180,"texture":"#all","cullface":"up"},"east":{"uv":[13,1,14,2],"rotation":90,"texture":"#all","cullface":"up"},"south":{"uv":[10,1,14,2],"texture":"#all","cullface":"up"},"west":{"uv":[10,1,11,2],"rotation":270,"texture":"#all","cullface":"up"},"up":{"uv":[10,1,14,2],"texture":"#all","cullface":"up"}}},{"from":[6,16,6],"to":[9,16.5,7],"rotation":{"angle":0,"axis":"x","origin":[8,8,8]},"faces":{"east":{"uv":[8,6,9,7],"rotation":90,"texture":"#all","cullface":"up"},"south":{"uv":[6,6,9,7],"texture":"#all","cullface":"up"},"west":{"uv":[6,6,7,7],"rotation":270,"texture":"#all","cullface":"up"},"up":{"uv":[6,6,9,7],"texture":"#all","cullface":"up"}}},{"from":[2,16,2],"to":[5,16.75,3],"rotation":{"angle":0,"axis":"x","origin":[8,8,8]},"faces":{"north":{"uv":[2,2,5,3],"rotation":180,"texture":"#all","cullface":"up"},"east":{"uv":[4,2,5,3],"rotation":90,"texture":"#all","cullface":"up"},"south":{"uv":[2,2,5,3],"texture":"#all","cullface":"up"},"west":{"uv":[2,2,3,3],"rotation":270,"texture":"#all","cullface":"up"},"up":{"uv":[2,2,5,3],"texture":"#all","cullface":"up"}}},{"from":[4,-0.5,3],"to":[6,0,4],"rotation":{"angle":0,"axis":"x","origin":[8,8,8]},"faces":{"north":{"uv":[4,12,6,13],"rotation":180,"texture":"#all","cullface":"down"},"east":{"uv":[5,12,6,13],"rotation":270,"texture":"#all","cullface":"down"},"south":{"uv":[4,12,6,13],"texture":"#all","cullface":"down"},"west":{"uv":[4,12,5,13],"rotation":90,"texture":"#all","cullface":"down"},"down":{"uv":[4,12,6,13],"texture":"#all","cullface":"down"}}},{"from":[2,-0.5,6],"to":[7,0,7],"rotation":{"angle":0,"axis":"x","origin":[8,8,8]},"faces":{"north":{"uv":[2,9,7,10],"rotation":180,"texture":"#all","cullface":"down"},"east":{"uv":[6,9,7,10],"rotation":270,"texture":"#all","cullface":"down"},"south":{"uv":[2,9,7,10],"texture":"#all","cullface":"down"},"west":{"uv":[2,9,3,10],"rotation":90,"texture":"#all","cullface":"down"},"down":{"uv":[2,9,7,10],"texture":"#all","cullface":"down"}}},{"from":[1,-0.75,2],"to":[3,0,3],"rotation":{"angle":0,"axis":"x","origin":[8,8,8]},"faces":{"north":{"uv":[1,13,3,14],"rotation":180,"texture":"#all","cullface":"down"},"east":{"uv":[2,13,3,14],"rotation":270,"texture":"#all","cullface":"down"},"south":{"uv":[1,13,3,14],"texture":"#all","cullface":"down"},"west":{"uv":[1,13,2,14],"rotation":90,"texture":"#all","cullface":"down"},"down":{"uv":[1,13,3,14],"texture":"#all","cullface":"down"}}},{"from":[3,-0.75,6],"to":[5,0,8],"rotation":{"angle":0,"axis":"x","origin":[8,8,8]},"faces":{"north":{"uv":[3,9,5,10],"rotation":180,"texture":"#all","cullface":"down"},"east":{"uv":[4,8,5,10],"rotation":270,"texture":"#all","cullface":"down"},"south":{"uv":[3,8,5,9],"texture":"#all","cullface":"down"},"west":{"uv":[3,8,4,10],"rotation":90,"texture":"#all","cullface":"down"},"down":{"uv":[3,8,5,10],"texture":"#all","cullface":"down"}}},{"from":[1,-0.5,12],"to":[4,0,13],"rotation":{"angle":0,"axis":"x","origin":[8,8,8]},"faces":{"north":{"uv":[1,3,4,4],"rotation":180,"texture":"#all","cullface":"down"},"east":{"uv":[3,3,4,4],"rotation":270,"texture":"#all","cullface":"down"},"south":{"uv":[1,3,4,4],"texture":"#all","cullface":"down"},"west":{"uv":[1,3,2,4],"rotation":90,"texture":"#all","cullface":"down"},"down":{"uv":[1,3,4,4],"texture":"#all","cullface":"down"}}},{"from":[11,-0.75,13],"to":[13,0,14],"rotation":{"angle":0,"axis":"x","origin":[8,8,8]},"faces":{"north":{"uv":[11,2,13,3],"rotation":180,"texture":"#all","cullface":"down"},"east":{"uv":[12,2,13,3],"rotation":270,"texture":"#all","cullface":"down"},"south":{"uv":[11,2,13,3],"texture":"#all","cullface":"down"},"west":{"uv":[11,2,12,3],"rotation":90,"texture":"#all","cullface":"down"},"down":{"uv":[11,2,13,3],"texture":"#all","cullface":"down"}}},{"from":[4,-0.75,5],"to":[6,0,7],"rotation":{"angle":0,"axis":"x","origin":[8,8,8]},"faces":{"north":{"uv":[4,10,6,11],"rotation":180,"texture":"#all","cullface":"down"},"east":{"uv":[5,9,6,11],"rotation":270,"texture":"#all","cullface":"down"},"south":{"uv":[4,9,6,10],"texture":"#all","cullface":"down"},"west":{"uv":[4,9,5,11],"rotation":90,"texture":"#all","cullface":"down"},"down":{"uv":[4,9,6,11],"texture":"#all","cullface":"down"}}},{"from":[9,-0.75,2],"to":[13,0,4],"rotation":{"angle":0,"axis":"x","origin":[8,8,8]},"faces":{"north":{"uv":[9,13,13,14],"rotation":180,"texture":"#all","cullface":"down"},"east":{"uv":[12,12,13,14],"rotation":270,"texture":"#all","cullface":"down"},"south":{"uv":[9,12,13,13],"texture":"#all","cullface":"down"},"west":{"uv":[9,12,10,14],"rotation":90,"texture":"#all","cullface":"down"},"down":{"uv":[9,12,13,14],"texture":"#all","cullface":"down"}}},{"from":[9,-0.75,7],"to":[13,0,8],"rotation":{"angle":0,"axis":"x","origin":[8,8,8]},"faces":{"north":{"uv":[9,8,13,9],"rotation":180,"texture":"#all","cullface":"down"},"east":{"uv":[12,8,13,9],"rotation":270,"texture":"#all","cullface":"down"},"south":{"uv":[9,8,13,9],"texture":"#all","cullface":"down"},"west":{"uv":[9,8,10,9],"rotation":90,"texture":"#all","cullface":"down"},"down":{"uv":[9,8,13,9],"texture":"#all","cullface":"down"}}},{"from":[4,-0.75,10],"to":[11,0,11],"rotation":{"angle":0,"axis":"x","origin":[8,8,8]},"faces":{"north":{"uv":[4,5,11,6],"rotation":180,"texture":"#all","cullface":"down"},"east":{"uv":[10,5,11,6],"rotation":270,"texture":"#all","cullface":"down"},"south":{"uv":[4,5,11,6],"texture":"#all","cullface":"down"},"west":{"uv":[4,5,5,6],"rotation":90,"texture":"#all","cullface":"down"},"down":{"uv":[4,5,11,6],"texture":"#all","cullface":"down"}}},{"from":[2,-0.5,1],"to":[4,0,2],"rotation":{"angle":0,"axis":"x","origin":[8,8,8]},"faces":{"north":{"uv":[2,14,4,15],"rotation":180,"texture":"#all","cullface":"down"},"east":{"uv":[3,14,4,15],"rotation":270,"texture":"#all","cullface":"down"},"south":{"uv":[2,14,4,15],"texture":"#all","cullface":"down"},"west":{"uv":[2,14,3,15],"rotation":90,"texture":"#all","cullface":"down"},"down":{"uv":[2,14,4,15],"texture":"#all","cullface":"down"}}},{"from":[13,-0.5,10],"to":[15,0,11],"rotation":{"angle":0,"axis":"x","origin":[8,8,8]},"faces":{"north":{"uv":[13,5,15,6],"rotation":180,"texture":"#all","cullface":"down"},"east":{"uv":[14,5,15,6],"rotation":270,"texture":"#all","cullface":"down"},"south":{"uv":[13,5,15,6],"texture":"#all","cullface":"down"},"west":{"uv":[13,5,14,6],"rotation":90,"texture":"#all","cullface":"down"},"down":{"uv":[13,5,15,6],"texture":"#all","cullface":"down"}}},{"from":[10,-0.5,6],"to":[12,0,7],"rotation":{"angle":0,"axis":"x","origin":[8,8,8]},"faces":{"north":{"uv":[10,9,12,10],"rotation":180,"texture":"#all","cullface":"down"},"east":{"uv":[11,9,12,10],"rotation":270,"texture":"#all","cullface":"down"},"west":{"uv":[10,9,11,10],"rotation":90,"texture":"#all","cullface":"down"},"down":{"uv":[10,9,12,10],"texture":"#all","cullface":"down"}}},{"from":[11,-0.5,4],"to":[13,0,5],"rotation":{"angle":0,"axis":"x","origin":[8,8,8]},"faces":{"east":{"uv":[12,11,13,12],"rotation":270,"texture":"#all","cullface":"down"},"south":{"uv":[11,11,13,12],"texture":"#all","cullface":"down"},"west":{"uv":[11,11,12,12],"rotation":90,"texture":"#all","cullface":"down"},"down":{"uv":[11,11,13,12],"texture":"#all","cullface":"down"}}},{"from":[8,-0.5,3],"to":[15,0,4],"rotation":{"angle":0,"axis":"x","origin":[8,8,8]},"faces":{"north":{"uv":[8,12,15,13],"rotation":180,"texture":"#all","cullface":"down"},"east":{"uv":[14,12,15,13],"rotation":270,"texture":"#all","cullface":"down"},"south":{"uv":[8,12,15,13],"texture":"#all","cullface":"down"},"west":{"uv":[8,12,9,13],"rotation":90,"texture":"#all","cullface":"down"},"down":{"uv":[8,12,15,13],"texture":"#all","cullface":"down"}}},{"from":[7,-0.5,11],"to":[12,0,12],"rotation":{"angle":0,"axis":"x","origin":[8,8,8]},"faces":{"north":{"uv":[7,4,12,5],"rotation":180,"texture":"#all","cullface":"down"},"east":{"uv":[11,4,12,5],"rotation":270,"texture":"#all","cullface":"down"},"south":{"uv":[7,4,12,5],"texture":"#all","cullface":"down"},"west":{"uv":[7,4,8,5],"rotation":90,"texture":"#all","cullface":"down"},"down":{"uv":[7,4,12,5],"texture":"#all","cullface":"down"}}},{"from":[10,-0.5,14],"to":[14,0,15],"rotation":{"angle":0,"axis":"x","origin":[8,8,8]},"faces":{"north":{"uv":[10,1,14,2],"rotation":180,"texture":"#all","cullface":"down"},"east":{"uv":[13,1,14,2],"rotation":270,"texture":"#all","cullface":"down"},"south":{"uv":[10,1,14,2],"texture":"#all","cullface":"down"},"west":{"uv":[10,1,11,2],"rotation":90,"texture":"#all","cullface":"down"},"down":{"uv":[10,1,14,2],"texture":"#all","cullface":"down"}}},{"from":[6,-0.5,9],"to":[9,0,10],"rotation":{"angle":0,"axis":"x","origin":[8,8,8]},"faces":{"north":{"uv":[6,6,9,7],"rotation":180,"texture":"#all","cullface":"down"},"east":{"uv":[8,6,9,7],"rotation":270,"texture":"#all","cullface":"down"},"west":{"uv":[6,6,7,7],"rotation":90,"texture":"#all","cullface":"down"},"down":{"uv":[6,6,9,7],"texture":"#all","cullface":"down"}}},{"from":[2,-0.75,13],"to":[5,0,14],"rotation":{"angle":0,"axis":"x","origin":[8,8,8]},"faces":{"north":{"uv":[2,2,5,3],"rotation":180,"texture":"#all","cullface":"down"},"east":{"uv":[4,2,5,3],"rotation":270,"texture":"#all","cullface":"down"},"south":{"uv":[2,2,5,3],"texture":"#all","cullface":"down"},"west":{"uv":[2,2,3,3],"rotation":90,"texture":"#all","cullface":"down"},"down":{"uv":[2,2,5,3],"texture":"#all","cullface":"down"}}},{"from":[16,3,10],"to":[16.5,4,12],"rotation":{"angle":0,"axis":"y","origin":[8,8,8]},"faces":{"north":{"uv":[5,12,6,13],"texture":"#all","cullface":"east"},"east":{"uv":[4,12,6,13],"texture":"#all","cullface":"east"},"south":{"uv":[4,12,5,13],"texture":"#all","cullface":"east"},"up":{"uv":[4,12,6,13],"rotation":270,"texture":"#all","cullface":"east"},"down":{"uv":[4,12,6,13],"rotation":90,"texture":"#all","cullface":"east"}}},{"from":[16,6,9],"to":[16.5,7,14],"rotation":{"angle":0,"axis":"y","origin":[8,8,8]},"faces":{"north":{"uv":[6,9,7,10],"texture":"#all","cullface":"east"},"east":{"uv":[2,9,7,10],"texture":"#all","cullface":"east"},"south":{"uv":[2,9,3,10],"texture":"#all","cullface":"east"},"up":{"uv":[2,9,7,10],"rotation":270,"texture":"#all","cullface":"east"},"down":{"uv":[2,9,7,10],"rotation":90,"texture":"#all","cullface":"east"}}},{"from":[16,2,13],"to":[16.75,3,15],"rotation":{"angle":0,"axis":"y","origin":[8,8,8]},"faces":{"north":{"uv":[2,13,3,14],"texture":"#all","cullface":"east"},"east":{"uv":[1,13,3,14],"texture":"#all","cullface":"east"},"south":{"uv":[1,13,2,14],"texture":"#all","cullface":"east"},"up":{"uv":[1,13,3,14],"rotation":270,"texture":"#all","cullface":"east"},"down":{"uv":[1,13,3,14],"rotation":90,"texture":"#all","cullface":"east"}}},{"from":[16,6,11],"to":[16.75,8,13],"rotation":{"angle":0,"axis":"y","origin":[8,8,8]},"faces":{"north":{"uv":[4,8,5,10],"texture":"#all","cullface":"east"},"east":{"uv":[3,8,5,10],"texture":"#all","cullface":"east"},"south":{"uv":[3,8,4,10],"texture":"#all","cullface":"east"},"up":{"uv":[3,8,5,9],"rotation":270,"texture":"#all","cullface":"east"},"down":{"uv":[3,9,5,10],"rotation":90,"texture":"#all","cullface":"east"}}},{"from":[16,12,12],"to":[16.5,13,15],"rotation":{"angle":0,"axis":"y","origin":[8,8,8]},"faces":{"north":{"uv":[3,3,4,4],"texture":"#all","cullface":"east"},"east":{"uv":[1,3,4,4],"texture":"#all","cullface":"east"},"south":{"uv":[1,3,2,4],"texture":"#all","cullface":"east"},"up":{"uv":[1,3,4,4],"rotation":270,"texture":"#all","cullface":"east"},"down":{"uv":[1,3,4,4],"rotation":90,"texture":"#all","cullface":"east"}}},{"from":[16,13,3],"to":[16.75,14,5],"rotation":{"angle":0,"axis":"y","origin":[8,8,8]},"faces":{"north":{"uv":[12,2,13,3],"texture":"#all","cullface":"east"},"east":{"uv":[11,2,13,3],"texture":"#all","cullface":"east"},"south":{"uv":[11,2,12,3],"texture":"#all","cullface":"east"},"up":{"uv":[11,2,13,3],"rotation":270,"texture":"#all","cullface":"east"},"down":{"uv":[11,2,13,3],"rotation":90,"texture":"#all","cullface":"east"}}},{"from":[16,5,10],"to":[16.75,7,12],"rotation":{"angle":0,"axis":"y","origin":[8,8,8]},"faces":{"north":{"uv":[5,9,6,11],"texture":"#all","cullface":"east"},"east":{"uv":[4,9,6,11],"texture":"#all","cullface":"east"},"south":{"uv":[4,9,5,11],"texture":"#all","cullface":"east"},"up":{"uv":[4,9,6,10],"rotation":270,"texture":"#all","cullface":"east"},"down":{"uv":[4,10,6,11],"rotation":90,"texture":"#all","cullface":"east"}}},{"from":[16,2,3],"to":[16.75,4,7],"rotation":{"angle":0,"axis":"y","origin":[8,8,8]},"faces":{"north":{"uv":[12,12,13,14],"texture":"#all","cullface":"east"},"east":{"uv":[9,12,13,14],"texture":"#all","cullface":"east"},"south":{"uv":[9,12,10,14],"texture":"#all","cullface":"east"},"up":{"uv":[9,12,13,13],"rotation":270,"texture":"#all","cullface":"east"},"down":{"uv":[9,13,13,14],"rotation":90,"texture":"#all","cullface":"east"}}},{"from":[16,7,3],"to":[16.75,8,7],"rotation":{"angle":0,"axis":"y","origin":[8,8,8]},"faces":{"north":{"uv":[12,8,13,9],"texture":"#all","cullface":"east"},"east":{"uv":[9,8,13,9],"texture":"#all","cullface":"east"},"south":{"uv":[9,8,10,9],"texture":"#all","cullface":"east"},"up":{"uv":[9,8,13,9],"rotation":270,"texture":"#all","cullface":"east"},"down":{"uv":[9,8,13,9],"rotation":90,"texture":"#all","cullface":"east"}}},{"from":[16,10,5],"to":[16.75,11,12],"rotation":{"angle":0,"axis":"y","origin":[8,8,8]},"faces":{"north":{"uv":[10,5,11,6],"texture":"#all","cullface":"east"},"east":{"uv":[4,5,11,6],"texture":"#all","cullface":"east"},"south":{"uv":[4,5,5,6],"texture":"#all","cullface":"east"},"up":{"uv":[4,5,11,6],"rotation":270,"texture":"#all","cullface":"east"},"down":{"uv":[4,5,11,6],"rotation":90,"texture":"#all","cullface":"east"}}},{"from":[16,1,12],"to":[16.5,2,14],"rotation":{"angle":0,"axis":"y","origin":[8,8,8]},"faces":{"north":{"uv":[3,14,4,15],"texture":"#all","cullface":"east"},"east":{"uv":[2,14,4,15],"texture":"#all","cullface":"east"},"south":{"uv":[2,14,3,15],"texture":"#all","cullface":"east"},"up":{"uv":[2,14,4,15],"rotation":270,"texture":"#all","cullface":"east"},"down":{"uv":[2,14,4,15],"rotation":90,"texture":"#all","cullface":"east"}}},{"from":[16,10,1],"to":[16.5,11,3],"rotation":{"angle":0,"axis":"y","origin":[8,8,8]},"faces":{"north":{"uv":[14,5,15,6],"texture":"#all","cullface":"east"},"east":{"uv":[13,5,15,6],"texture":"#all","cullface":"east"},"south":{"uv":[13,5,14,6],"texture":"#all","cullface":"east"},"up":{"uv":[13,5,15,6],"rotation":270,"texture":"#all","cullface":"east"},"down":{"uv":[13,5,15,6],"rotation":90,"texture":"#all","cullface":"east"}}},{"from":[16,6,4],"to":[16.5,7,6],"rotation":{"angle":0,"axis":"y","origin":[8,8,8]},"faces":{"north":{"uv":[11,9,12,10],"texture":"#all","cullface":"east"},"east":{"uv":[10,9,12,10],"texture":"#all","cullface":"east"},"south":{"uv":[10,9,11,10],"texture":"#all","cullface":"east"},"down":{"uv":[10,9,12,10],"rotation":90,"texture":"#all","cullface":"east"}}},{"from":[16,4,3],"to":[16.5,5,5],"rotation":{"angle":0,"axis":"y","origin":[8,8,8]},"faces":{"north":{"uv":[12,11,13,12],"texture":"#all","cullface":"east"},"east":{"uv":[11,11,13,12],"texture":"#all","cullface":"east"},"south":{"uv":[11,11,12,12],"texture":"#all","cullface":"east"},"up":{"uv":[11,11,13,12],"rotation":270,"texture":"#all","cullface":"east"}}},{"from":[16,3,1],"to":[16.5,4,8],"rotation":{"angle":0,"axis":"y","origin":[8,8,8]},"faces":{"north":{"uv":[14,12,15,13],"texture":"#all","cullface":"east"},"east":{"uv":[8,12,15,13],"texture":"#all","cullface":"east"},"south":{"uv":[8,12,9,13],"texture":"#all","cullface":"east"},"up":{"uv":[8,12,15,13],"rotation":270,"texture":"#all","cullface":"east"},"down":{"uv":[8,12,15,13],"rotation":90,"texture":"#all","cullface":"east"}}},{"from":[16,11,4],"to":[16.5,12,9],"rotation":{"angle":0,"axis":"y","origin":[8,8,8]},"faces":{"north":{"uv":[11,4,12,5],"texture":"#all","cullface":"east"},"east":{"uv":[7,4,12,5],"texture":"#all","cullface":"east"},"south":{"uv":[7,4,8,5],"texture":"#all","cullface":"east"},"up":{"uv":[7,4,12,5],"rotation":270,"texture":"#all","cullface":"east"},"down":{"uv":[7,4,12,5],"rotation":90,"texture":"#all","cullface":"east"}}},{"from":[16,14,2],"to":[16.5,15,6],"rotation":{"angle":0,"axis":"y","origin":[8,8,8]},"faces":{"north":{"uv":[13,1,14,2],"texture":"#all","cullface":"east"},"east":{"uv":[10,1,14,2],"texture":"#all","cullface":"east"},"south":{"uv":[10,1,11,2],"texture":"#all","cullface":"east"},"up":{"uv":[10,1,14,2],"rotation":270,"texture":"#all","cullface":"east"},"down":{"uv":[10,1,14,2],"rotation":90,"texture":"#all","cullface":"east"}}},{"from":[16,9,7],"to":[16.5,10,10],"rotation":{"angle":0,"axis":"y","origin":[8,8,8]},"faces":{"north":{"uv":[8,6,9,7],"texture":"#all","cullface":"east"},"east":{"uv":[6,6,9,7],"texture":"#all","cullface":"east"},"south":{"uv":[6,6,7,7],"texture":"#all","cullface":"east"},"down":{"uv":[6,6,9,7],"rotation":90,"texture":"#all","cullface":"east"}}},{"from":[16,13,11],"to":[16.75,14,14],"rotation":{"angle":0,"axis":"y","origin":[8,8,8]},"faces":{"north":{"uv":[4,2,5,3],"texture":"#all","cullface":"east"},"east":{"uv":[2,2,5,3],"texture":"#all","cullface":"east"},"south":{"uv":[2,2,3,3],"texture":"#all","cullface":"east"},"up":{"uv":[2,2,5,3],"rotation":270,"texture":"#all","cullface":"east"},"down":{"uv":[2,2,5,3],"rotation":90,"texture":"#all","cullface":"east"}}},{"from":[-0.5,3,4],"to":[0,4,6],"rotation":{"angle":0,"axis":"y","origin":[8,8,8]},"faces":{"north":{"uv":[4,12,5,13],"texture":"#all","cullface":"west"},"south":{"uv":[5,12,6,13],"texture":"#all","cullface":"west"},"west":{"uv":[4,12,6,13],"texture":"#all","cullface":"west"},"up":{"uv":[4,12,6,13],"rotation":90,"texture":"#all","cullface":"west"},"down":{"uv":[4,12,6,13],"rotation":270,"texture":"#all","cullface":"west"}}},{"from":[-0.5,6,2],"to":[0,7,7],"rotation":{"angle":0,"axis":"y","origin":[8,8,8]},"faces":{"north":{"uv":[2,9,3,10],"texture":"#all","cullface":"west"},"south":{"uv":[6,9,7,10],"texture":"#all","cullface":"west"},"west":{"uv":[2,9,7,10],"texture":"#all","cullface":"west"},"up":{"uv":[2,9,7,10],"rotation":90,"texture":"#all","cullface":"west"},"down":{"uv":[2,9,7,10],"rotation":270,"texture":"#all","cullface":"west"}}},{"from":[-0.75,2,1],"to":[0,3,3],"rotation":{"angle":0,"axis":"y","origin":[8,8,8]},"faces":{"north":{"uv":[1,13,2,14],"texture":"#all","cullface":"west"},"south":{"uv":[2,13,3,14],"texture":"#all","cullface":"west"},"west":{"uv":[1,13,3,14],"texture":"#all","cullface":"west"},"up":{"uv":[1,13,3,14],"rotation":90,"texture":"#all","cullface":"west"},"down":{"uv":[1,13,3,14],"rotation":270,"texture":"#all","cullface":"west"}}},{"from":[-0.75,6,3],"to":[0,8,5],"rotation":{"angle":0,"axis":"y","origin":[8,8,8]},"faces":{"north":{"uv":[3,8,4,10],"texture":"#all","cullface":"west"},"south":{"uv":[4,8,5,10],"texture":"#all","cullface":"west"},"west":{"uv":[3,8,5,10],"texture":"#all","cullface":"west"},"up":{"uv":[3,8,5,9],"rotation":90,"texture":"#all","cullface":"west"},"down":{"uv":[3,9,5,10],"rotation":270,"texture":"#all","cullface":"west"}}},{"from":[-0.5,12,1],"to":[0,13,4],"rotation":{"angle":0,"axis":"y","origin":[8,8,8]},"faces":{"north":{"uv":[1,3,2,4],"texture":"#all","cullface":"west"},"south":{"uv":[3,3,4,4],"texture":"#all","cullface":"west"},"west":{"uv":[1,3,4,4],"texture":"#all","cullface":"west"},"up":{"uv":[1,3,4,4],"rotation":90,"texture":"#all","cullface":"west"},"down":{"uv":[1,3,4,4],"rotation":270,"texture":"#all","cullface":"west"}}},{"from":[-0.75,13,11],"to":[0,14,13],"rotation":{"angle":0,"axis":"y","origin":[8,8,8]},"faces":{"north":{"uv":[11,2,12,3],"texture":"#all","cullface":"west"},"south":{"uv":[12,2,13,3],"texture":"#all","cullface":"west"},"west":{"uv":[11,2,13,3],"texture":"#all","cullface":"west"},"up":{"uv":[11,2,13,3],"rotation":90,"texture":"#all","cullface":"west"},"down":{"uv":[11,2,13,3],"rotation":270,"texture":"#all","cullface":"west"}}},{"from":[-0.75,5,4],"to":[0,7,6],"rotation":{"angle":0,"axis":"y","origin":[8,8,8]},"faces":{"north":{"uv":[4,9,5,11],"texture":"#all","cullface":"west"},"south":{"uv":[5,9,6,11],"texture":"#all","cullface":"west"},"west":{"uv":[4,9,6,11],"texture":"#all","cullface":"west"},"up":{"uv":[4,9,6,10],"rotation":90,"texture":"#all","cullface":"west"},"down":{"uv":[4,10,6,11],"rotation":270,"texture":"#all","cullface":"west"}}},{"from":[-0.75,2,9],"to":[0,4,13],"rotation":{"angle":0,"axis":"y","origin":[8,8,8]},"faces":{"north":{"uv":[9,12,10,14],"texture":"#all","cullface":"west"},"south":{"uv":[12,12,13,14],"texture":"#all","cullface":"west"},"west":{"uv":[9,12,13,14],"texture":"#all","cullface":"west"},"up":{"uv":[9,12,13,13],"rotation":90,"texture":"#all","cullface":"west"},"down":{"uv":[9,13,13,14],"rotation":270,"texture":"#all","cullface":"west"}}},{"from":[-0.75,7,9],"to":[0,8,13],"rotation":{"angle":0,"axis":"y","origin":[8,8,8]},"faces":{"north":{"uv":[9,8,10,9],"texture":"#all","cullface":"west"},"south":{"uv":[12,8,13,9],"texture":"#all","cullface":"west"},"west":{"uv":[9,8,13,9],"texture":"#all","cullface":"west"},"up":{"uv":[9,8,13,9],"rotation":90,"texture":"#all","cullface":"west"},"down":{"uv":[9,8,13,9],"rotation":270,"texture":"#all","cullface":"west"}}},{"from":[-0.75,10,4],"to":[0,11,11],"rotation":{"angle":0,"axis":"y","origin":[8,8,8]},"faces":{"north":{"uv":[4,5,5,6],"texture":"#all","cullface":"west"},"south":{"uv":[10,5,11,6],"texture":"#all","cullface":"west"},"west":{"uv":[4,5,11,6],"texture":"#all","cullface":"west"},"up":{"uv":[4,5,11,6],"rotation":90,"texture":"#all","cullface":"west"},"down":{"uv":[4,5,11,6],"rotation":270,"texture":"#all","cullface":"west"}}},{"from":[-0.5,1,2],"to":[0,2,4],"rotation":{"angle":0,"axis":"y","origin":[8,8,8]},"faces":{"north":{"uv":[2,14,3,15],"texture":"#all","cullface":"west"},"south":{"uv":[3,14,4,15],"texture":"#all","cullface":"west"},"west":{"uv":[2,14,4,15],"texture":"#all","cullface":"west"},"up":{"uv":[2,14,4,15],"rotation":90,"texture":"#all","cullface":"west"},"down":{"uv":[2,14,4,15],"rotation":270,"texture":"#all","cullface":"west"}}},{"from":[-0.5,10,13],"to":[0,11,15],"rotation":{"angle":0,"axis":"y","origin":[8,8,8]},"faces":{"north":{"uv":[13,5,14,6],"texture":"#all","cullface":"west"},"south":{"uv":[14,5,15,6],"texture":"#all","cullface":"west"},"west":{"uv":[13,5,15,6],"texture":"#all","cullface":"west"},"up":{"uv":[13,5,15,6],"rotation":90,"texture":"#all","cullface":"west"},"down":{"uv":[13,5,15,6],"rotation":270,"texture":"#all","cullface":"west"}}},{"from":[-0.5,6,10],"to":[0,7,12],"rotation":{"angle":0,"axis":"y","origin":[8,8,8]},"faces":{"north":{"uv":[10,9,11,10],"texture":"#all","cullface":"west"},"south":{"uv":[11,9,12,10],"texture":"#all","cullface":"west"},"west":{"uv":[10,9,12,10],"texture":"#all","cullface":"west"},"down":{"uv":[10,9,12,10],"rotation":270,"texture":"#all","cullface":"west"}}},{"from":[-0.5,4,11],"to":[0,5,13],"rotation":{"angle":0,"axis":"y","origin":[8,8,8]},"faces":{"north":{"uv":[11,11,12,12],"texture":"#all","cullface":"west"},"south":{"uv":[12,11,13,12],"texture":"#all","cullface":"west"},"west":{"uv":[11,11,13,12],"texture":"#all","cullface":"west"},"up":{"uv":[11,11,13,12],"rotation":90,"texture":"#all","cullface":"west"}}},{"from":[-0.5,3,8],"to":[0,4,15],"rotation":{"angle":0,"axis":"y","origin":[8,8,8]},"faces":{"north":{"uv":[8,12,9,13],"texture":"#all","cullface":"west"},"south":{"uv":[14,12,15,13],"texture":"#all","cullface":"west"},"west":{"uv":[8,12,15,13],"texture":"#all","cullface":"west"},"up":{"uv":[8,12,15,13],"rotation":90,"texture":"#all","cullface":"west"},"down":{"uv":[8,12,15,13],"rotation":270,"texture":"#all","cullface":"west"}}},{"from":[-0.5,11,7],"to":[0,12,12],"rotation":{"angle":0,"axis":"y","origin":[8,8,8]},"faces":{"north":{"uv":[7,4,8,5],"texture":"#all","cullface":"west"},"south":{"uv":[11,4,12,5],"texture":"#all","cullface":"west"},"west":{"uv":[7,4,12,5],"texture":"#all","cullface":"west"},"up":{"uv":[7,4,12,5],"rotation":90,"texture":"#all","cullface":"west"},"down":{"uv":[7,4,12,5],"rotation":270,"texture":"#all","cullface":"west"}}},{"from":[-0.5,14,10],"to":[0,15,14],"rotation":{"angle":0,"axis":"y","origin":[8,8,8]},"faces":{"north":{"uv":[10,1,11,2],"texture":"#all","cullface":"west"},"south":{"uv":[13,1,14,2],"texture":"#all","cullface":"west"},"west":{"uv":[10,1,14,2],"texture":"#all","cullface":"west"},"up":{"uv":[10,1,14,2],"rotation":90,"texture":"#all","cullface":"west"},"down":{"uv":[10,1,14,2],"rotation":270,"texture":"#all","cullface":"west"}}},{"from":[-0.5,9,6],"to":[0,10,9],"rotation":{"angle":0,"axis":"y","origin":[8,8,8]},"faces":{"north":{"uv":[6,6,7,7],"texture":"#all","cullface":"west"},"south":{"uv":[8,6,9,7],"texture":"#all","cullface":"west"},"west":{"uv":[6,6,9,7],"texture":"#all","cullface":"west"},"down":{"uv":[6,6,9,7],"rotation":270,"texture":"#all","cullface":"west"}}},{"from":[-0.75,13,2],"to":[0,14,5],"rotation":{"angle":0,"axis":"y","origin":[8,8,8]},"faces":{"north":{"uv":[2,2,3,3],"texture":"#all","cullface":"west"},"south":{"uv":[4,2,5,3],"texture":"#all","cullface":"west"},"west":{"uv":[2,2,5,3],"texture":"#all","cullface":"west"},"up":{"uv":[2,2,5,3],"rotation":90,"texture":"#all","cullface":"west"},"down":{"uv":[2,2,5,3],"rotation":270,"texture":"#all","cullface":"west"}}},{"from":[10,3,-0.5],"to":[12,4,0],"rotation":{"angle":0,"axis":"y","origin":[8,8,8]},"faces":{"north":{"uv":[4,12,6,13],"texture":"#all","cullface":"north"},"east":{"uv":[4,12,5,13],"texture":"#all","cullface":"north"},"west":{"uv":[5,12,6,13],"texture":"#all","cullface":"north"},"up":{"uv":[4,12,6,13],"rotation":180,"texture":"#all","cullface":"north"},"down":{"uv":[4,12,6,13],"rotation":180,"texture":"#all","cullface":"north"}}},{"from":[9,6,-0.5],"to":[14,7,0],"rotation":{"angle":0,"axis":"y","origin":[8,8,8]},"faces":{"north":{"uv":[2,9,7,10],"texture":"#all","cullface":"north"},"east":{"uv":[2,9,3,10],"texture":"#all","cullface":"north"},"west":{"uv":[6,9,7,10],"texture":"#all","cullface":"north"},"up":{"uv":[2,9,7,10],"rotation":180,"texture":"#all","cullface":"north"},"down":{"uv":[2,9,7,10],"rotation":180,"texture":"#all","cullface":"north"}}},{"from":[13,2,-0.75],"to":[15,3,0],"rotation":{"angle":0,"axis":"y","origin":[8,8,8]},"faces":{"north":{"uv":[1,13,3,14],"texture":"#all","cullface":"north"},"east":{"uv":[1,13,2,14],"texture":"#all","cullface":"north"},"west":{"uv":[2,13,3,14],"texture":"#all","cullface":"north"},"up":{"uv":[1,13,3,14],"rotation":180,"texture":"#all","cullface":"north"},"down":{"uv":[1,13,3,14],"rotation":180,"texture":"#all","cullface":"north"}}},{"from":[11,6,-0.75],"to":[13,8,0],"rotation":{"angle":0,"axis":"y","origin":[8,8,8]},"faces":{"north":{"uv":[3,8,5,10],"texture":"#all","cullface":"north"},"east":{"uv":[3,8,4,10],"texture":"#all","cullface":"north"},"west":{"uv":[4,8,5,10],"texture":"#all","cullface":"north"},"up":{"uv":[3,8,5,9],"rotation":180,"texture":"#all","cullface":"north"},"down":{"uv":[3,9,5,10],"rotation":180,"texture":"#all","cullface":"north"}}},{"from":[12,12,-0.5],"to":[15,13,0],"rotation":{"angle":0,"axis":"y","origin":[8,8,8]},"faces":{"north":{"uv":[1,3,4,4],"texture":"#all","cullface":"north"},"east":{"uv":[1,3,2,4],"texture":"#all","cullface":"north"},"west":{"uv":[3,3,4,4],"texture":"#all","cullface":"north"},"up":{"uv":[1,3,4,4],"rotation":180,"texture":"#all","cullface":"north"},"down":{"uv":[1,3,4,4],"rotation":180,"texture":"#all","cullface":"north"}}},{"from":[3,13,-0.75],"to":[5,14,0],"rotation":{"angle":0,"axis":"y","origin":[8,8,8]},"faces":{"north":{"uv":[11,2,13,3],"texture":"#all","cullface":"north"},"east":{"uv":[11,2,12,3],"texture":"#all","cullface":"north"},"west":{"uv":[12,2,13,3],"texture":"#all","cullface":"north"},"up":{"uv":[11,2,13,3],"rotation":180,"texture":"#all","cullface":"north"},"down":{"uv":[11,2,13,3],"rotation":180,"texture":"#all","cullface":"north"}}},{"from":[10,5,-0.75],"to":[12,7,0],"rotation":{"angle":0,"axis":"y","origin":[8,8,8]},"faces":{"north":{"uv":[4,9,6,11],"texture":"#all","cullface":"north"},"east":{"uv":[4,9,5,11],"texture":"#all","cullface":"north"},"west":{"uv":[5,9,6,11],"texture":"#all","cullface":"north"},"up":{"uv":[4,9,6,10],"rotation":180,"texture":"#all","cullface":"north"},"down":{"uv":[4,10,6,11],"rotation":180,"texture":"#all","cullface":"north"}}},{"from":[3,2,-0.75],"to":[7,4,0],"rotation":{"angle":0,"axis":"y","origin":[8,8,8]},"faces":{"north":{"uv":[9,12,13,14],"texture":"#all","cullface":"north"},"east":{"uv":[9,12,10,14],"texture":"#all","cullface":"north"},"west":{"uv":[12,12,13,14],"texture":"#all","cullface":"north"},"up":{"uv":[9,12,13,13],"rotation":180,"texture":"#all","cullface":"north"},"down":{"uv":[9,13,13,14],"rotation":180,"texture":"#all","cullface":"north"}}},{"from":[3,7,-0.75],"to":[7,8,0],"rotation":{"angle":0,"axis":"y","origin":[8,8,8]},"faces":{"north":{"uv":[9,8,13,9],"texture":"#all","cullface":"north"},"east":{"uv":[9,8,10,9],"texture":"#all","cullface":"north"},"west":{"uv":[12,8,13,9],"texture":"#all","cullface":"north"},"up":{"uv":[9,8,13,9],"rotation":180,"texture":"#all","cullface":"north"},"down":{"uv":[9,8,13,9],"rotation":180,"texture":"#all","cullface":"north"}}},{"from":[5,10,-0.75],"to":[12,11,0],"rotation":{"angle":0,"axis":"y","origin":[8,8,8]},"faces":{"north":{"uv":[4,5,11,6],"texture":"#all","cullface":"north"},"east":{"uv":[4,5,5,6],"texture":"#all","cullface":"north"},"west":{"uv":[10,5,11,6],"texture":"#all","cullface":"north"},"up":{"uv":[4,5,11,6],"rotation":180,"texture":"#all","cullface":"north"},"down":{"uv":[4,5,11,6],"rotation":180,"texture":"#all","cullface":"north"}}},{"from":[12,1,-0.5],"to":[14,2,0],"rotation":{"angle":0,"axis":"y","origin":[8,8,8]},"faces":{"north":{"uv":[2,14,4,15],"texture":"#all","cullface":"north"},"east":{"uv":[2,14,3,15],"texture":"#all","cullface":"north"},"west":{"uv":[3,14,4,15],"texture":"#all","cullface":"north"},"up":{"uv":[2,14,4,15],"rotation":180,"texture":"#all","cullface":"north"},"down":{"uv":[2,14,4,15],"rotation":180,"texture":"#all","cullface":"north"}}},{"from":[1,10,-0.5],"to":[3,11,0],"rotation":{"angle":0,"axis":"y","origin":[8,8,8]},"faces":{"north":{"uv":[13,5,15,6],"texture":"#all","cullface":"north"},"east":{"uv":[13,5,14,6],"texture":"#all","cullface":"north"},"west":{"uv":[14,5,15,6],"texture":"#all","cullface":"north"},"up":{"uv":[13,5,15,6],"rotation":180,"texture":"#all","cullface":"north"},"down":{"uv":[13,5,15,6],"rotation":180,"texture":"#all","cullface":"north"}}},{"from":[4,6,-0.5],"to":[6,7,0],"rotation":{"angle":0,"axis":"y","origin":[8,8,8]},"faces":{"north":{"uv":[10,9,12,10],"texture":"#all","cullface":"north"},"east":{"uv":[10,9,11,10],"texture":"#all","cullface":"north"},"west":{"uv":[11,9,12,10],"texture":"#all","cullface":"north"},"down":{"uv":[10,9,12,10],"rotation":180,"texture":"#all","cullface":"north"}}},{"from":[3,4,-0.5],"to":[5,5,0],"rotation":{"angle":0,"axis":"y","origin":[8,8,8]},"faces":{"north":{"uv":[11,11,13,12],"texture":"#all","cullface":"north"},"east":{"uv":[11,11,12,12],"texture":"#all","cullface":"north"},"west":{"uv":[12,11,13,12],"texture":"#all","cullface":"north"},"up":{"uv":[11,11,13,12],"rotation":180,"texture":"#all","cullface":"north"}}},{"from":[1,3,-0.5],"to":[8,4,0],"rotation":{"angle":0,"axis":"y","origin":[8,8,8]},"faces":{"north":{"uv":[8,12,15,13],"texture":"#all","cullface":"north"},"east":{"uv":[8,12,9,13],"texture":"#all","cullface":"north"},"west":{"uv":[14,12,15,13],"texture":"#all","cullface":"north"},"up":{"uv":[8,12,15,13],"rotation":180,"texture":"#all","cullface":"north"},"down":{"uv":[8,12,15,13],"rotation":180,"texture":"#all","cullface":"north"}}},{"from":[4,11,-0.5],"to":[9,12,0],"rotation":{"angle":0,"axis":"y","origin":[8,8,8]},"faces":{"north":{"uv":[7,4,12,5],"texture":"#all","cullface":"north"},"east":{"uv":[7,4,8,5],"texture":"#all","cullface":"north"},"west":{"uv":[11,4,12,5],"texture":"#all","cullface":"north"},"up":{"uv":[7,4,12,5],"rotation":180,"texture":"#all","cullface":"north"},"down":{"uv":[7,4,12,5],"rotation":180,"texture":"#all","cullface":"north"}}},{"from":[2,14,-0.5],"to":[6,15,0],"rotation":{"angle":0,"axis":"y","origin":[8,8,8]},"faces":{"north":{"uv":[10,1,14,2],"texture":"#all","cullface":"north"},"east":{"uv":[10,1,11,2],"texture":"#all","cullface":"north"},"west":{"uv":[13,1,14,2],"texture":"#all","cullface":"north"},"up":{"uv":[10,1,14,2],"rotation":180,"texture":"#all","cullface":"north"},"down":{"uv":[10,1,14,2],"rotation":180,"texture":"#all","cullface":"north"}}},{"from":[7,9,-0.5],"to":[10,10,0],"rotation":{"angle":0,"axis":"y","origin":[8,8,8]},"faces":{"north":{"uv":[6,6,9,7],"texture":"#all","cullface":"north"},"east":{"uv":[6,6,7,7],"texture":"#all","cullface":"north"},"west":{"uv":[8,6,9,7],"texture":"#all","cullface":"north"},"down":{"uv":[6,6,9,7],"rotation":180,"texture":"#all","cullface":"north"}}},{"from":[11,13,-0.75],"to":[14,14,0],"rotation":{"angle":0,"axis":"y","origin":[8,8,8]},"faces":{"north":{"uv":[2,2,5,3],"texture":"#all","cullface":"north"},"east":{"uv":[2,2,3,3],"texture":"#all","cullface":"north"},"west":{"uv":[4,2,5,3],"texture":"#all","cullface":"north"},"up":{"uv":[2,2,5,3],"rotation":180,"texture":"#all","cullface":"north"},"down":{"uv":[2,2,5,3],"rotation":180,"texture":"#all","cullface":"north"}}}]}