{"parent":"display/block_inside","textures":{"particle":"#all"},"elements":[{"from":[0,0,0],"to":[16,16,16],"faces":{"north":{"uv":[0,0,16,16],"texture":"#all","cullface":"north"},"east":{"uv":[0,0,16,16],"texture":"#all","cullface":"east"},"south":{"uv":[0,0,16,16],"texture":"#all","cullface":"south"},"west":{"uv":[0,0,16,16],"texture":"#all","cullface":"west"},"up":{"uv":[0,0,16,16],"texture":"#all","cullface":"up"},"down":{"uv":[0,0,16,16],"texture":"#all","cullface":"down"}}},{"from":[4,9,-0.75],"to":[6,11,0.25],"faces":{"north":{"uv":[10,5,12,7],"texture":"#all","cullface":"north"},"east":{"uv":[10,5,11,7],"texture":"#all","cullface":"north"},"west":{"uv":[11,5,12,7],"texture":"#all","cullface":"north"},"up":{"uv":[10,5,12,6],"rotation":180,"texture":"#all","cullface":"north"},"down":{"uv":[10,6,12,7],"rotation":180,"texture":"#all","cullface":"north"}}},{"from":[2,3,-0.75],"to":[3,7,0.25],"rotation":{"angle":0,"axis":"y","origin":[8,8,8]},"faces":{"north":{"uv":[13,9,14,13],"texture":"#all","cullface":"north"},"east":{"uv":[13,9,14,13],"texture":"#all","cullface":"north"},"west":{"uv":[13,9,14,13],"texture":"#all","cullface":"north"},"up":{"uv":[13,9,14,10],"rotation":180,"texture":"#all","cullface":"north"},"down":{"uv":[13,12,14,13],"rotation":180,"texture":"#all","cullface":"north"}}},{"from":[13,3,15.75],"to":[14,7,16.75],"rotation":{"angle":0,"axis":"y","origin":[8,8,8]},"faces":{"east":{"uv":[13,9,14,13],"texture":"#all","cullface":"south"},"south":{"uv":[13,9,14,13],"texture":"#all","cullface":"south"},"west":{"uv":[13,9,14,13],"texture":"#all","cullface":"south"},"up":{"uv":[13,9,14,10],"texture":"#all","cullface":"south"},"down":{"uv":[13,12,14,13],"texture":"#all","cullface":"south"}}},{"from":[13,-0.75,3],"to":[14,0.25,7],"rotation":{"angle":0,"axis":"x","origin":[8,8,8]},"faces":{"north":{"uv":[13,12,14,13],"rotation":180,"texture":"#all","cullface":"down"},"east":{"uv":[13,9,14,13],"rotation":270,"texture":"#all","cullface":"down"},"south":{"uv":[13,9,14,10],"texture":"#all","cullface":"down"},"west":{"uv":[13,9,14,13],"rotation":90,"texture":"#all","cullface":"north"},"down":{"uv":[13,9,14,13],"texture":"#all","cullface":"down"}}},{"from":[13,15.75,9],"to":[14,16.75,13],"rotation":{"angle":0,"axis":"x","origin":[8,8,8]},"faces":{"north":{"uv":[13,9,14,10],"rotation":180,"texture":"#all","cullface":"up"},"east":{"uv":[13,9,14,13],"rotation":90,"texture":"#all","cullface":"up"},"south":{"uv":[13,12,14,13],"texture":"#all","cullface":"up"},"west":{"uv":[13,9,14,13],"rotation":270,"texture":"#all","cullface":"up"},"up":{"uv":[13,9,14,13],"texture":"#all","cullface":"up"}}},{"from":[15.75,3,2],"to":[16.75,7,3],"rotation":{"angle":0,"axis":"y","origin":[8,8,8]},"faces":{"north":{"uv":[13,9,14,13],"texture":"#all","cullface":"east"},"east":{"uv":[13,9,14,13],"texture":"#all","cullface":"east"},"south":{"uv":[13,9,14,13],"texture":"#all","cullface":"east"},"up":{"uv":[13,9,14,10],"rotation":270,"texture":"#all","cullface":"east"},"down":{"uv":[13,12,14,13],"rotation":90,"texture":"#all","cullface":"east"}}},{"from":[-0.75,3,13],"to":[0.25,7,14],"rotation":{"angle":0,"axis":"y","origin":[8,8,8]},"faces":{"north":{"uv":[13,9,14,13],"texture":"#all","cullface":"west"},"south":{"uv":[13,9,14,13],"texture":"#all","cullface":"west"},"west":{"uv":[13,9,14,13],"texture":"#all","cullface":"west"},"up":{"uv":[13,9,14,10],"rotation":90,"texture":"#all","cullface":"west"},"down":{"uv":[13,12,14,13],"rotation":270,"texture":"#all","cullface":"west"}}},{"from":[1,3,-0.5],"to":[2,6,0.25],"rotation":{"angle":0,"axis":"y","origin":[8,8,8]},"faces":{"north":{"uv":[14,10,15,13],"texture":"#all","cullface":"north"},"west":{"uv":[14,10,15,13],"texture":"#all","cullface":"north"},"up":{"uv":[14,10,15,11],"texture":"#all","cullface":"north"},"down":{"uv":[14,12,15,13],"rotation":180,"texture":"#all","cullface":"north"}}},{"from":[14,3,15.75],"to":[15,6,16.5],"rotation":{"angle":0,"axis":"y","origin":[8,8,8]},"faces":{"east":{"uv":[14,10,15,13],"texture":"#all","cullface":"south"},"south":{"uv":[14,10,15,13],"texture":"#all","cullface":"south"},"up":{"uv":[14,10,15,11],"rotation":180,"texture":"#all","cullface":"south"},"down":{"uv":[14,12,15,13],"texture":"#all","cullface":"south"}}},{"from":[14,-0.5,3],"to":[15,0.25,6],"rotation":{"angle":0,"axis":"x","origin":[8,8,8]},"faces":{"north":{"uv":[14,12,15,13],"rotation":180,"texture":"#all","cullface":"down"},"east":{"uv":[14,10,15,13],"rotation":270,"texture":"#all","cullface":"down"},"south":{"uv":[14,10,15,11],"rotation":180,"texture":"#all","cullface":"down"},"down":{"uv":[14,10,15,13],"texture":"#all","cullface":"down"}}},{"from":[14,15.75,10],"to":[15,16.5,13],"rotation":{"angle":0,"axis":"x","origin":[8,8,8]},"faces":{"north":{"uv":[14,10,15,11],"texture":"#all","cullface":"up"},"east":{"uv":[14,10,15,13],"rotation":90,"texture":"#all","cullface":"up"},"south":{"uv":[14,12,15,13],"texture":"#all","cullface":"up"},"up":{"uv":[14,10,15,13],"texture":"#all","cullface":"up"}}},{"from":[15.75,3,1],"to":[16.5,6,2],"rotation":{"angle":0,"axis":"y","origin":[8,8,8]},"faces":{"north":{"uv":[14,10,15,13],"texture":"#all","cullface":"east"},"east":{"uv":[14,10,15,13],"texture":"#all","cullface":"east"},"up":{"uv":[14,10,15,11],"rotation":90,"texture":"#all","cullface":"east"},"down":{"uv":[14,12,15,13],"rotation":90,"texture":"#all","cullface":"east"}}},{"from":[-0.5,3,14],"to":[0.25,6,15],"rotation":{"angle":0,"axis":"y","origin":[8,8,8]},"faces":{"south":{"uv":[14,10,15,13],"texture":"#all","cullface":"west"},"west":{"uv":[14,10,15,13],"texture":"#all","cullface":"west"},"up":{"uv":[14,10,15,11],"rotation":270,"texture":"#all","cullface":"west"},"down":{"uv":[14,12,15,13],"rotation":270,"texture":"#all","cullface":"west"}}},{"from":[5,2,-0.75],"to":[8,4,0.25],"faces":{"north":{"uv":[8,12,11,14],"texture":"#all","cullface":"north"},"east":{"uv":[8,12,9,14],"texture":"#all","cullface":"north"},"west":{"uv":[10,12,11,14],"texture":"#all","cullface":"north"},"up":{"uv":[8,12,11,13],"rotation":180,"texture":"#all","cullface":"north"},"down":{"uv":[8,13,11,14],"rotation":180,"texture":"#all","cullface":"north"}}},{"from":[9,1,-0.75],"to":[12,3,0.25],"faces":{"north":{"uv":[4,13,7,15],"texture":"#all","cullface":"north"},"east":{"uv":[4,13,5,15],"texture":"#all","cullface":"north"},"west":{"uv":[6,13,7,15],"texture":"#all","cullface":"north"},"up":{"uv":[4,13,7,14],"rotation":180,"texture":"#all","cullface":"north"},"down":{"uv":[4,14,7,15],"rotation":180,"texture":"#all","cullface":"north"}}},{"from":[13,7,-0.5],"to":[15,9,0.25],"faces":{"north":{"uv":[1,7,3,9],"texture":"#all","cullface":"north"},"east":{"uv":[1,7,1.75,9],"texture":"#all","cullface":"north"},"west":{"uv":[2,7,2.75,9],"texture":"#all","cullface":"north"},"up":{"uv":[1,7,3,7.75],"rotation":180,"texture":"#all","cullface":"north"},"down":{"uv":[1,8,3,8.75],"rotation":180,"texture":"#all","cullface":"north"}}},{"from":[10,3,-0.5],"to":[11,4,0.25],"faces":{"north":{"uv":[5,12,6,13],"texture":"#all","cullface":"north"},"east":{"uv":[5,12,5.75,13],"texture":"#all","cullface":"north"},"west":{"uv":[5,12,5.75,13],"texture":"#all","cullface":"north"},"up":{"uv":[5,12,6,12.75],"rotation":180,"texture":"#all","cullface":"north"}}},{"from":[11,5,-0.5],"to":[12,6,0.25],"faces":{"north":{"uv":[4,10,5,11],"texture":"#all","cullface":"north"},"east":{"uv":[4,10,4.75,11],"texture":"#all","cullface":"north"},"west":{"uv":[4,10,4.75,11],"texture":"#all","cullface":"north"},"up":{"uv":[4,10,5,10.75],"rotation":180,"texture":"#all","cullface":"north"}}},{"from":[5,5,-0.5],"to":[8,6,0.25],"faces":{"north":{"uv":[8,10,11,11],"texture":"#all","cullface":"north"},"east":{"uv":[8,10,8.75,11],"texture":"#all","cullface":"north"},"west":{"uv":[10,10,10.75,11],"texture":"#all","cullface":"north"},"down":{"uv":[8,10,11,10.75],"rotation":180,"texture":"#all","cullface":"north"}}},{"from":[11,4,-0.75],"to":[14,5,0.25],"faces":{"north":{"uv":[2,11,5,12],"texture":"#all","cullface":"north"},"east":{"uv":[2,11,3,12],"texture":"#all","cullface":"north"},"west":{"uv":[4,11,5,12],"texture":"#all","cullface":"north"},"up":{"uv":[2,11,5,12],"rotation":180,"texture":"#all","cullface":"north"},"down":{"uv":[2,11,5,12],"rotation":180,"texture":"#all","cullface":"north"}}},{"from":[4,7,-0.5],"to":[7,8,0.25],"faces":{"north":{"uv":[9,8,12,9],"texture":"#all","cullface":"north"},"east":{"uv":[9,8,9.75,9],"texture":"#all","cullface":"north"},"west":{"uv":[11,8,11.75,9],"texture":"#all","cullface":"north"},"up":{"uv":[9,8,12,8.75],"rotation":180,"texture":"#all","cullface":"north"}}},{"from":[8,7,-0.5],"to":[9,8,0.25],"faces":{"north":{"uv":[7,8,8,9],"texture":"#all","cullface":"north"},"east":{"uv":[7,8,7.75,9],"texture":"#all","cullface":"north"},"west":{"uv":[7,8,7.75,9],"texture":"#all","cullface":"north"},"up":{"uv":[7,8,8,8.75],"rotation":180,"texture":"#all","cullface":"north"}}},{"from":[4,6,-0.75],"to":[9,7,0.25],"faces":{"north":{"uv":[7,9,12,10],"texture":"#all","cullface":"north"},"east":{"uv":[7,9,8,10],"texture":"#all","cullface":"north"},"west":{"uv":[11,9,12,10],"texture":"#all","cullface":"north"},"up":{"uv":[7,9,12,10],"rotation":180,"texture":"#all","cullface":"north"},"down":{"uv":[7,9,12,10],"rotation":180,"texture":"#all","cullface":"north"}}},{"from":[8,9,-0.75],"to":[13,10,0.25],"faces":{"north":{"uv":[3,6,8,7],"texture":"#all","cullface":"north"},"east":{"uv":[3,6,4,7],"texture":"#all","cullface":"north"},"west":{"uv":[7,6,8,7],"texture":"#all","cullface":"north"},"up":{"uv":[3,6,8,7],"rotation":180,"texture":"#all","cullface":"north"},"down":{"uv":[3,6,8,7],"rotation":180,"texture":"#all","cullface":"north"}}},{"from":[9,10,-0.5],"to":[11,11,0.25],"faces":{"north":{"uv":[5,5,7,6],"texture":"#all","cullface":"north"},"east":{"uv":[5,5,5.75,6],"texture":"#all","cullface":"north"},"west":{"uv":[6,5,6.75,6],"texture":"#all","cullface":"north"},"up":{"uv":[5,5,7,5.75],"rotation":180,"texture":"#all","cullface":"north"}}},{"from":[7,12,-0.5],"to":[9,13,0.25],"faces":{"north":{"uv":[7,3,9,4],"texture":"#all","cullface":"north"},"east":{"uv":[7,3,7.75,4],"texture":"#all","cullface":"north"},"west":{"uv":[8,3,8.75,4],"texture":"#all","cullface":"north"},"up":{"uv":[7,3,9,3.75],"rotation":180,"texture":"#all","cullface":"north"},"down":{"uv":[7,3,9,3.75],"rotation":180,"texture":"#all","cullface":"north"}}},{"from":[10,12,-0.5],"to":[11,13,0.25],"faces":{"north":{"uv":[5,3,6,4],"texture":"#all","cullface":"north"},"east":{"uv":[5,3,5.75,4],"texture":"#all","cullface":"north"},"west":{"uv":[5,3,5.75,4],"texture":"#all","cullface":"north"},"down":{"uv":[5,3,6,3.75],"rotation":180,"texture":"#all","cullface":"north"}}},{"from":[2,13,-0.5],"to":[4,14,0.25],"faces":{"north":{"uv":[12,2,14,3],"texture":"#all","cullface":"north"},"east":{"uv":[12,2,12.75,3],"texture":"#all","cullface":"north"},"west":{"uv":[13,2,13.75,3],"texture":"#all","cullface":"north"},"up":{"uv":[12,2,14,2.75],"rotation":180,"texture":"#all","cullface":"north"},"down":{"uv":[12,2,14,2.75],"rotation":180,"texture":"#all","cullface":"north"}}},{"from":[10,13,-0.75],"to":[14,14,0.25],"faces":{"north":{"uv":[2,2,6,3],"texture":"#all","cullface":"north"},"east":{"uv":[2,2,3,3],"texture":"#all","cullface":"north"},"west":{"uv":[5,2,6,3],"texture":"#all","cullface":"north"},"up":{"uv":[2,2,6,3],"rotation":180,"texture":"#all","cullface":"north"},"down":{"uv":[2,2,6,3],"rotation":180,"texture":"#all","cullface":"north"}}},{"from":[10,9,15.75],"to":[12,11,16.75],"faces":{"east":{"uv":[11,5,12,7],"texture":"#all","cullface":"south"},"south":{"uv":[10,5,12,7],"texture":"#all","cullface":"south"},"west":{"uv":[10,5,11,7],"texture":"#all","cullface":"south"},"up":{"uv":[10,5,12,6],"texture":"#all","cullface":"south"},"down":{"uv":[10,6,12,7],"texture":"#all","cullface":"south"}}},{"from":[8,2,15.75],"to":[11,4,16.75],"faces":{"east":{"uv":[10,12,11,14],"texture":"#all","cullface":"south"},"south":{"uv":[8,12,11,14],"texture":"#all","cullface":"south"},"west":{"uv":[8,12,9,14],"texture":"#all","cullface":"south"},"up":{"uv":[8,12,11,13],"texture":"#all","cullface":"south"},"down":{"uv":[8,13,11,14],"texture":"#all","cullface":"south"}}},{"from":[4,1,15.75],"to":[7,3,16.75],"faces":{"east":{"uv":[6,13,7,15],"texture":"#all","cullface":"south"},"south":{"uv":[4,13,7,15],"texture":"#all","cullface":"south"},"west":{"uv":[4,13,5,15],"texture":"#all","cullface":"south"},"up":{"uv":[4,13,7,14],"texture":"#all","cullface":"south"},"down":{"uv":[4,14,7,15],"texture":"#all","cullface":"south"}}},{"from":[1,7,15.75],"to":[3,9,16.5],"faces":{"east":{"uv":[2,7,2.75,9],"texture":"#all","cullface":"south"},"south":{"uv":[1,7,3,9],"texture":"#all","cullface":"south"},"west":{"uv":[1,7,1.75,9],"texture":"#all","cullface":"south"},"up":{"uv":[1,7,3,7.75],"texture":"#all","cullface":"south"},"down":{"uv":[1,8,3,8.75],"texture":"#all","cullface":"south"}}},{"from":[5,3,15.75],"to":[6,4,16.5],"faces":{"east":{"uv":[5,12,5.75,13],"texture":"#all","cullface":"south"},"south":{"uv":[5,12,6,13],"texture":"#all","cullface":"south"},"west":{"uv":[5,12,5.75,13],"texture":"#all","cullface":"south"},"up":{"uv":[5,12,6,12.75],"texture":"#all","cullface":"south"}}},{"from":[4,5,15.75],"to":[5,6,16.5],"faces":{"east":{"uv":[4,10,4.75,11],"texture":"#all","cullface":"south"},"south":{"uv":[4,10,5,11],"texture":"#all","cullface":"south"},"west":{"uv":[4,10,4.75,11],"texture":"#all","cullface":"south"},"up":{"uv":[4,10,5,10.75],"texture":"#all","cullface":"south"}}},{"from":[8,5,15.75],"to":[11,6,16.5],"faces":{"east":{"uv":[10,10,10.75,11],"texture":"#all","cullface":"south"},"south":{"uv":[8,10,11,11],"texture":"#all","cullface":"south"},"west":{"uv":[8,10,8.75,11],"texture":"#all","cullface":"south"},"down":{"uv":[8,10,11,10.75],"texture":"#all","cullface":"south"}}},{"from":[2,4,15.75],"to":[5,5,16.75],"faces":{"east":{"uv":[4,11,5,12],"texture":"#all","cullface":"south"},"south":{"uv":[2,11,5,12],"texture":"#all","cullface":"south"},"west":{"uv":[2,11,3,12],"texture":"#all","cullface":"south"},"up":{"uv":[2,11,5,12],"texture":"#all","cullface":"south"},"down":{"uv":[2,11,5,12],"texture":"#all","cullface":"south"}}},{"from":[9,7,15.75],"to":[12,8,16.5],"faces":{"east":{"uv":[11,8,11.75,9],"texture":"#all","cullface":"south"},"south":{"uv":[9,8,12,9],"texture":"#all","cullface":"south"},"west":{"uv":[9,8,9.75,9],"texture":"#all","cullface":"south"},"up":{"uv":[9,8,12,8.75],"texture":"#all","cullface":"south"}}},{"from":[7,7,15.75],"to":[8,8,16.5],"faces":{"east":{"uv":[7,8,7.75,9],"texture":"#all","cullface":"south"},"south":{"uv":[7,8,8,9],"texture":"#all","cullface":"south"},"west":{"uv":[7,8,7.75,9],"texture":"#all","cullface":"south"},"up":{"uv":[7,8,8,8.75],"texture":"#all","cullface":"south"}}},{"from":[7,6,15.75],"to":[12,7,16.75],"faces":{"east":{"uv":[11,9,12,10],"texture":"#all","cullface":"south"},"south":{"uv":[7,9,12,10],"texture":"#all","cullface":"south"},"west":{"uv":[7,9,8,10],"texture":"#all","cullface":"south"},"up":{"uv":[7,9,12,10],"texture":"#all","cullface":"south"},"down":{"uv":[7,9,12,10],"texture":"#all","cullface":"south"}}},{"from":[3,9,15.75],"to":[8,10,16.75],"faces":{"east":{"uv":[7,6,8,7],"texture":"#all","cullface":"south"},"south":{"uv":[3,6,8,7],"texture":"#all","cullface":"south"},"west":{"uv":[3,6,4,7],"texture":"#all","cullface":"south"},"up":{"uv":[3,6,8,7],"texture":"#all","cullface":"south"},"down":{"uv":[3,6,8,7],"texture":"#all","cullface":"south"}}},{"from":[5,10,15.75],"to":[7,11,16.5],"faces":{"east":{"uv":[6,5,6.75,6],"texture":"#all","cullface":"south"},"south":{"uv":[5,5,7,6],"texture":"#all","cullface":"south"},"west":{"uv":[5,5,5.75,6],"texture":"#all","cullface":"south"},"up":{"uv":[5,5,7,5.75],"texture":"#all","cullface":"south"}}},{"from":[7,12,15.75],"to":[9,13,16.5],"faces":{"east":{"uv":[8,3,8.75,4],"texture":"#all","cullface":"south"},"south":{"uv":[7,3,9,4],"texture":"#all","cullface":"south"},"west":{"uv":[7,3,7.75,4],"texture":"#all","cullface":"south"},"up":{"uv":[7,3,9,3.75],"texture":"#all","cullface":"south"},"down":{"uv":[7,3,9,3.75],"texture":"#all","cullface":"south"}}},{"from":[5,12,15.75],"to":[6,13,16.5],"faces":{"east":{"uv":[5,3,5.75,4],"texture":"#all","cullface":"south"},"south":{"uv":[5,3,6,4],"texture":"#all","cullface":"south"},"west":{"uv":[5,3,5.75,4],"texture":"#all","cullface":"south"},"down":{"uv":[5,3,6,3.75],"texture":"#all","cullface":"south"}}},{"from":[12,13,15.75],"to":[14,14,16.5],"faces":{"east":{"uv":[13,2,13.75,3],"texture":"#all","cullface":"south"},"south":{"uv":[12,2,14,3],"texture":"#all","cullface":"south"},"west":{"uv":[12,2,12.75,3],"texture":"#all","cullface":"south"},"up":{"uv":[12,2,14,2.75],"texture":"#all","cullface":"south"},"down":{"uv":[12,2,14,2.75],"texture":"#all","cullface":"south"}}},{"from":[2,13,15.75],"to":[6,14,16.75],"faces":{"east":{"uv":[5,2,6,3],"texture":"#all","cullface":"south"},"south":{"uv":[2,2,6,3],"texture":"#all","cullface":"south"},"west":{"uv":[2,2,3,3],"texture":"#all","cullface":"south"},"up":{"uv":[2,2,6,3],"texture":"#all","cullface":"south"},"down":{"uv":[2,2,6,3],"texture":"#all","cullface":"south"}}},{"from":[2,13,15.75],"to":[6,14,16.75],"faces":{"east":{"uv":[5,2,6,3],"texture":"#all","cullface":"south"},"south":{"uv":[2,2,6,3],"texture":"#all","cullface":"south"},"west":{"uv":[2,2,3,3],"texture":"#all","cullface":"south"},"up":{"uv":[2,2,6,3],"texture":"#all","cullface":"south"},"down":{"uv":[2,2,6,3],"texture":"#all","cullface":"south"}}},{"from":[2,13,15.75],"to":[6,14,16.75],"faces":{"east":{"uv":[5,2,6,3],"texture":"#all","cullface":"south"},"south":{"uv":[2,2,6,3],"texture":"#all","cullface":"south"},"west":{"uv":[2,2,3,3],"texture":"#all","cullface":"south"},"up":{"uv":[2,2,6,3],"texture":"#all","cullface":"south"},"down":{"uv":[2,2,6,3],"texture":"#all","cullface":"south"}}},{"from":[2,13,15.75],"to":[6,14,16.75],"faces":{"east":{"uv":[5,2,6,3],"texture":"#all","cullface":"south"},"south":{"uv":[2,2,6,3],"texture":"#all","cullface":"south"},"west":{"uv":[2,2,3,3],"texture":"#all","cullface":"south"},"up":{"uv":[2,2,6,3],"texture":"#all","cullface":"south"},"down":{"uv":[2,2,6,3],"texture":"#all","cullface":"south"}}},{"from":[-0.75,9,10],"to":[0.25,11,12],"faces":{"north":{"uv":[10,5,11,7],"texture":"#all","cullface":"west"},"south":{"uv":[11,5,12,7],"texture":"#all","cullface":"west"},"west":{"uv":[10,5,12,7],"texture":"#all","cullface":"west"},"up":{"uv":[10,5,12,6],"rotation":90,"texture":"#all","cullface":"west"},"down":{"uv":[10,6,12,7],"rotation":270,"texture":"#all","cullface":"west"}}},{"from":[-0.75,2,8],"to":[0.25,4,11],"faces":{"north":{"uv":[8,12,9,14],"texture":"#all","cullface":"west"},"south":{"uv":[10,12,11,14],"texture":"#all","cullface":"west"},"west":{"uv":[8,12,11,14],"texture":"#all","cullface":"west"},"up":{"uv":[8,12,11,13],"rotation":90,"texture":"#all","cullface":"west"},"down":{"uv":[8,13,11,14],"rotation":270,"texture":"#all","cullface":"west"}}},{"from":[-0.75,1,4],"to":[0.25,3,7],"faces":{"north":{"uv":[4,13,5,15],"texture":"#all","cullface":"west"},"south":{"uv":[6,13,7,15],"texture":"#all","cullface":"west"},"west":{"uv":[4,13,7,15],"texture":"#all","cullface":"west"},"up":{"uv":[4,13,7,14],"rotation":90,"texture":"#all","cullface":"west"},"down":{"uv":[4,14,7,15],"rotation":270,"texture":"#all","cullface":"west"}}},{"from":[-0.5,7,1],"to":[0.25,9,3],"faces":{"north":{"uv":[1,7,1.75,9],"texture":"#all","cullface":"west"},"south":{"uv":[2,7,2.75,9],"texture":"#all","cullface":"west"},"west":{"uv":[1,7,3,9],"texture":"#all","cullface":"west"},"up":{"uv":[1,7,3,7.75],"rotation":90,"texture":"#all","cullface":"west"},"down":{"uv":[1,8,3,8.75],"rotation":270,"texture":"#all","cullface":"west"}}},{"from":[-0.5,3,5],"to":[0.25,4,6],"faces":{"north":{"uv":[5,12,5.75,13],"texture":"#all","cullface":"west"},"south":{"uv":[5,12,5.75,13],"texture":"#all","cullface":"west"},"west":{"uv":[5,12,6,13],"texture":"#all","cullface":"west"},"up":{"uv":[5,12,6,12.75],"rotation":90,"texture":"#all","cullface":"west"}}},{"from":[-0.5,5,4],"to":[0.25,6,5],"faces":{"north":{"uv":[4,10,4.75,11],"texture":"#all","cullface":"west"},"south":{"uv":[4,10,4.75,11],"texture":"#all","cullface":"west"},"west":{"uv":[4,10,5,11],"texture":"#all","cullface":"west"},"up":{"uv":[4,10,5,10.75],"rotation":90,"texture":"#all","cullface":"west"}}},{"from":[-0.5,5,8],"to":[0.25,6,11],"faces":{"north":{"uv":[8,10,8.75,11],"texture":"#all","cullface":"west"},"south":{"uv":[10,10,10.75,11],"texture":"#all","cullface":"west"},"west":{"uv":[8,10,11,11],"texture":"#all","cullface":"west"},"down":{"uv":[8,10,11,10.75],"rotation":270,"texture":"#all","cullface":"west"}}},{"from":[-0.75,4,2],"to":[0.25,5,5],"faces":{"north":{"uv":[2,11,3,12],"texture":"#all","cullface":"west"},"south":{"uv":[4,11,5,12],"texture":"#all","cullface":"west"},"west":{"uv":[2,11,5,12],"texture":"#all","cullface":"west"},"up":{"uv":[2,11,5,12],"rotation":90,"texture":"#all","cullface":"west"},"down":{"uv":[2,11,5,12],"rotation":270,"texture":"#all","cullface":"west"}}},{"from":[-0.5,7,9],"to":[0.25,8,12],"faces":{"north":{"uv":[9,8,9.75,9],"texture":"#all","cullface":"west"},"south":{"uv":[11,8,11.75,9],"texture":"#all","cullface":"west"},"west":{"uv":[9,8,12,9],"texture":"#all","cullface":"west"},"up":{"uv":[9,8,12,8.75],"rotation":90,"texture":"#all","cullface":"west"}}},{"from":[-0.5,7,7],"to":[0.25,8,8],"faces":{"north":{"uv":[7,8,7.75,9],"texture":"#all","cullface":"west"},"south":{"uv":[7,8,7.75,9],"texture":"#all","cullface":"west"},"west":{"uv":[7,8,8,9],"texture":"#all","cullface":"west"},"up":{"uv":[7,8,8,8.75],"rotation":90,"texture":"#all","cullface":"west"}}},{"from":[-0.75,6,7],"to":[0.25,7,12],"faces":{"north":{"uv":[7,9,8,10],"texture":"#all","cullface":"west"},"south":{"uv":[11,9,12,10],"texture":"#all","cullface":"west"},"west":{"uv":[7,9,12,10],"texture":"#all","cullface":"west"},"up":{"uv":[7,9,12,10],"rotation":90,"texture":"#all","cullface":"west"},"down":{"uv":[7,9,12,10],"rotation":270,"texture":"#all","cullface":"west"}}},{"from":[-0.75,9,3],"to":[0.25,10,8],"faces":{"north":{"uv":[3,6,4,7],"texture":"#all","cullface":"west"},"south":{"uv":[7,6,8,7],"texture":"#all","cullface":"west"},"west":{"uv":[3,6,8,7],"texture":"#all","cullface":"west"},"up":{"uv":[3,6,8,7],"rotation":90,"texture":"#all","cullface":"west"},"down":{"uv":[3,6,8,7],"rotation":270,"texture":"#all","cullface":"west"}}},{"from":[-0.5,10,5],"to":[0.25,11,7],"faces":{"north":{"uv":[5,5,5.75,6],"texture":"#all","cullface":"west"},"south":{"uv":[6,5,6.75,6],"texture":"#all","cullface":"west"},"west":{"uv":[5,5,7,6],"texture":"#all","cullface":"west"},"up":{"uv":[5,5,7,5.75],"rotation":90,"texture":"#all","cullface":"west"}}},{"from":[-0.5,12,7],"to":[0.25,13,9],"faces":{"north":{"uv":[7,3,7.75,4],"texture":"#all","cullface":"west"},"south":{"uv":[8,3,8.75,4],"texture":"#all","cullface":"west"},"west":{"uv":[7,3,9,4],"texture":"#all","cullface":"west"},"up":{"uv":[7,3,9,3.75],"rotation":90,"texture":"#all","cullface":"west"},"down":{"uv":[7,3,9,3.75],"rotation":270,"texture":"#all","cullface":"west"}}},{"from":[-0.5,12,5],"to":[0.25,13,6],"faces":{"north":{"uv":[5,3,5.75,4],"texture":"#all","cullface":"west"},"south":{"uv":[5,3,5.75,4],"texture":"#all","cullface":"west"},"west":{"uv":[5,3,6,4],"texture":"#all","cullface":"west"},"down":{"uv":[5,3,6,3.75],"rotation":270,"texture":"#all","cullface":"west"}}},{"from":[-0.5,13,12],"to":[0.25,14,14],"faces":{"north":{"uv":[12,2,12.75,3],"texture":"#all","cullface":"west"},"south":{"uv":[13,2,13.75,3],"texture":"#all","cullface":"west"},"west":{"uv":[12,2,14,3],"texture":"#all","cullface":"west"},"up":{"uv":[12,2,14,2.75],"rotation":90,"texture":"#all","cullface":"west"},"down":{"uv":[12,2,14,2.75],"rotation":270,"texture":"#all","cullface":"west"}}},{"from":[-0.75,13,2],"to":[0.25,14,6],"faces":{"north":{"uv":[2,2,3,3],"texture":"#all","cullface":"west"},"south":{"uv":[5,2,6,3],"texture":"#all","cullface":"west"},"west":{"uv":[2,2,6,3],"texture":"#all","cullface":"west"},"up":{"uv":[2,2,6,3],"rotation":90,"texture":"#all","cullface":"west"},"down":{"uv":[2,2,6,3],"rotation":270,"texture":"#all","cullface":"west"}}},{"from":[15.75,9,4],"to":[16.75,11,6],"faces":{"north":{"uv":[11,5,12,7],"texture":"#all","cullface":"east"},"east":{"uv":[10,5,12,7],"texture":"#all","cullface":"east"},"south":{"uv":[10,5,11,7],"texture":"#all","cullface":"east"},"up":{"uv":[10,5,12,6],"rotation":270,"texture":"#all","cullface":"east"},"down":{"uv":[10,6,12,7],"rotation":90,"texture":"#all","cullface":"east"}}},{"from":[15.75,2,5],"to":[16.75,4,8],"faces":{"north":{"uv":[10,12,11,14],"texture":"#all","cullface":"east"},"east":{"uv":[8,12,11,14],"texture":"#all","cullface":"east"},"south":{"uv":[8,12,9,14],"texture":"#all","cullface":"east"},"up":{"uv":[8,12,11,13],"rotation":270,"texture":"#all","cullface":"east"},"down":{"uv":[8,13,11,14],"rotation":90,"texture":"#all","cullface":"east"}}},{"from":[15.75,1,9],"to":[16.75,3,12],"faces":{"north":{"uv":[6,13,7,15],"texture":"#all","cullface":"east"},"east":{"uv":[4,13,7,15],"texture":"#all","cullface":"east"},"south":{"uv":[4,13,5,15],"texture":"#all","cullface":"east"},"up":{"uv":[4,13,7,14],"rotation":270,"texture":"#all","cullface":"east"},"down":{"uv":[4,14,7,15],"rotation":90,"texture":"#all","cullface":"east"}}},{"from":[15.75,7,13],"to":[16.5,9,15],"faces":{"north":{"uv":[2,7,2.75,9],"texture":"#all","cullface":"east"},"east":{"uv":[1,7,3,9],"texture":"#all","cullface":"east"},"south":{"uv":[1,7,1.75,9],"texture":"#all","cullface":"east"},"up":{"uv":[1,7,3,7.75],"rotation":270,"texture":"#all","cullface":"east"},"down":{"uv":[1,8,3,8.75],"rotation":90,"texture":"#all","cullface":"east"}}},{"from":[15.75,3,10],"to":[16.5,4,11],"faces":{"north":{"uv":[5,12,5.75,13],"texture":"#all","cullface":"east"},"east":{"uv":[5,12,6,13],"texture":"#all","cullface":"east"},"south":{"uv":[5,12,5.75,13],"texture":"#all","cullface":"east"},"up":{"uv":[5,12,6,12.75],"rotation":270,"texture":"#all","cullface":"east"}}},{"from":[15.75,5,11],"to":[16.5,6,12],"faces":{"north":{"uv":[4,10,4.75,11],"texture":"#all","cullface":"east"},"east":{"uv":[4,10,5,11],"texture":"#all","cullface":"east"},"south":{"uv":[4,10,4.75,11],"texture":"#all","cullface":"east"},"up":{"uv":[4,10,5,10.75],"rotation":270,"texture":"#all","cullface":"east"}}},{"from":[15.75,5,5],"to":[16.5,6,8],"faces":{"north":{"uv":[10,10,10.75,11],"texture":"#all","cullface":"east"},"east":{"uv":[8,10,11,11],"texture":"#all","cullface":"east"},"south":{"uv":[8,10,8.75,11],"texture":"#all","cullface":"east"},"down":{"uv":[8,10,11,10.75],"rotation":90,"texture":"#all","cullface":"east"}}},{"from":[15.75,4,11],"to":[16.75,5,14],"faces":{"north":{"uv":[4,11,5,12],"texture":"#all","cullface":"east"},"east":{"uv":[2,11,5,12],"texture":"#all","cullface":"east"},"south":{"uv":[2,11,3,12],"texture":"#all","cullface":"east"},"up":{"uv":[2,11,5,12],"rotation":270,"texture":"#all","cullface":"east"},"down":{"uv":[2,11,5,12],"rotation":90,"texture":"#all","cullface":"east"}}},{"from":[15.75,7,4],"to":[16.5,8,7],"faces":{"north":{"uv":[11,8,11.75,9],"texture":"#all","cullface":"east"},"east":{"uv":[9,8,12,9],"texture":"#all","cullface":"east"},"south":{"uv":[9,8,9.75,9],"texture":"#all","cullface":"east"},"up":{"uv":[9,8,12,8.75],"rotation":270,"texture":"#all","cullface":"east"}}},{"from":[15.75,7,8],"to":[16.5,8,9],"faces":{"north":{"uv":[7,8,7.75,9],"texture":"#all","cullface":"east"},"east":{"uv":[7,8,8,9],"texture":"#all","cullface":"east"},"south":{"uv":[7,8,7.75,9],"texture":"#all","cullface":"east"},"up":{"uv":[7,8,8,8.75],"rotation":270,"texture":"#all","cullface":"east"}}},{"from":[15.75,6,4],"to":[16.75,7,9],"faces":{"north":{"uv":[11,9,12,10],"texture":"#all","cullface":"east"},"east":{"uv":[7,9,12,10],"texture":"#all","cullface":"east"},"south":{"uv":[7,9,8,10],"texture":"#all","cullface":"east"},"up":{"uv":[7,9,12,10],"rotation":270,"texture":"#all","cullface":"east"},"down":{"uv":[7,9,12,10],"rotation":90,"texture":"#all","cullface":"east"}}},{"from":[15.75,9,8],"to":[16.75,10,13],"faces":{"north":{"uv":[7,6,8,7],"texture":"#all","cullface":"east"},"east":{"uv":[3,6,8,7],"texture":"#all","cullface":"east"},"south":{"uv":[3,6,4,7],"texture":"#all","cullface":"east"},"up":{"uv":[3,6,8,7],"rotation":270,"texture":"#all","cullface":"east"},"down":{"uv":[3,6,8,7],"rotation":90,"texture":"#all","cullface":"east"}}},{"from":[15.75,10,9],"to":[16.5,11,11],"faces":{"north":{"uv":[6,5,6.75,6],"texture":"#all","cullface":"east"},"east":{"uv":[5,5,7,6],"texture":"#all","cullface":"east"},"south":{"uv":[5,5,5.75,6],"texture":"#all","cullface":"east"},"up":{"uv":[5,5,7,5.75],"rotation":270,"texture":"#all","cullface":"east"}}},{"from":[15.75,12,7],"to":[16.5,13,9],"faces":{"north":{"uv":[8,3,8.75,4],"texture":"#all","cullface":"east"},"east":{"uv":[7,3,9,4],"texture":"#all","cullface":"east"},"south":{"uv":[7,3,7.75,4],"texture":"#all","cullface":"east"},"up":{"uv":[7,3,9,3.75],"rotation":270,"texture":"#all","cullface":"east"},"down":{"uv":[7,3,9,3.75],"rotation":90,"texture":"#all","cullface":"east"}}},{"from":[15.75,12,10],"to":[16.5,13,11],"faces":{"north":{"uv":[5,3,5.75,4],"texture":"#all","cullface":"east"},"east":{"uv":[5,3,6,4],"texture":"#all","cullface":"east"},"south":{"uv":[5,3,5.75,4],"texture":"#all","cullface":"east"},"down":{"uv":[5,3,6,3.75],"rotation":90,"texture":"#all","cullface":"east"}}},{"from":[15.75,13,2],"to":[16.5,14,4],"faces":{"north":{"uv":[13,2,13.75,3],"texture":"#all","cullface":"east"},"east":{"uv":[12,2,14,3],"texture":"#all","cullface":"east"},"south":{"uv":[12,2,12.75,3],"texture":"#all","cullface":"east"},"up":{"uv":[12,2,14,2.75],"rotation":270,"texture":"#all","cullface":"east"},"down":{"uv":[12,2,14,2.75],"rotation":90,"texture":"#all","cullface":"east"}}},{"from":[15.75,13,10],"to":[16.75,14,14],"faces":{"north":{"uv":[5,2,6,3],"texture":"#all","cullface":"east"},"east":{"uv":[2,2,6,3],"texture":"#all","cullface":"east"},"south":{"uv":[2,2,3,3],"texture":"#all","cullface":"east"},"up":{"uv":[2,2,6,3],"rotation":270,"texture":"#all","cullface":"east"},"down":{"uv":[2,2,6,3],"rotation":90,"texture":"#all","cullface":"east"}}},{"from":[10,15.75,5],"to":[12,16.75,7],"faces":{"north":{"uv":[10,5,12,6],"rotation":180,"texture":"#all","cullface":"up"},"east":{"uv":[11,5,12,7],"rotation":90,"texture":"#all","cullface":"up"},"south":{"uv":[10,6,12,7],"texture":"#all","cullface":"up"},"west":{"uv":[10,5,11,7],"rotation":270,"texture":"#all","cullface":"up"},"up":{"uv":[10,5,12,7],"texture":"#all","cullface":"up"}}},{"from":[8,15.75,12],"to":[11,16.75,14],"faces":{"north":{"uv":[8,12,11,13],"rotation":180,"texture":"#all","cullface":"up"},"east":{"uv":[10,12,11,14],"rotation":90,"texture":"#all","cullface":"up"},"south":{"uv":[8,13,11,14],"texture":"#all","cullface":"up"},"west":{"uv":[8,12,9,14],"rotation":270,"texture":"#all","cullface":"up"},"up":{"uv":[8,12,11,14],"texture":"#all","cullface":"up"}}},{"from":[4,15.75,13],"to":[7,16.75,15],"faces":{"north":{"uv":[4,13,7,14],"rotation":180,"texture":"#all","cullface":"up"},"east":{"uv":[6,13,7,15],"rotation":90,"texture":"#all","cullface":"up"},"south":{"uv":[4,14,7,15],"texture":"#all","cullface":"up"},"west":{"uv":[4,13,5,15],"rotation":270,"texture":"#all","cullface":"up"},"up":{"uv":[4,13,7,15],"texture":"#all","cullface":"up"}}},{"from":[1,15.75,7],"to":[3,16.5,9],"faces":{"north":{"uv":[1,7,3,7.75],"rotation":180,"texture":"#all","cullface":"up"},"east":{"uv":[2,7,2.75,9],"rotation":90,"texture":"#all","cullface":"up"},"south":{"uv":[1,8,3,8.75],"texture":"#all","cullface":"up"},"west":{"uv":[1,7,1.75,9],"rotation":270,"texture":"#all","cullface":"up"},"up":{"uv":[1,7,3,9],"texture":"#all","cullface":"up"}}},{"from":[5,15.75,12],"to":[6,16.5,13],"faces":{"north":{"uv":[5,12,6,12.75],"rotation":180,"texture":"#all","cullface":"up"},"east":{"uv":[5,12,5.75,13],"rotation":90,"texture":"#all","cullface":"up"},"west":{"uv":[5,12,5.75,13],"rotation":270,"texture":"#all","cullface":"up"},"up":{"uv":[5,12,6,13],"texture":"#all","cullface":"up"}}},{"from":[4,15.75,10],"to":[5,16.5,11],"faces":{"north":{"uv":[4,10,5,10.75],"rotation":180,"texture":"#all","cullface":"up"},"east":{"uv":[4,10,4.75,11],"rotation":90,"texture":"#all","cullface":"up"},"west":{"uv":[4,10,4.75,11],"rotation":270,"texture":"#all","cullface":"up"},"up":{"uv":[4,10,5,11],"texture":"#all","cullface":"up"}}},{"from":[8,15.75,10],"to":[11,16.5,11],"faces":{"east":{"uv":[10,10,10.75,11],"rotation":90,"texture":"#all","cullface":"up"},"south":{"uv":[8,10,11,10.75],"texture":"#all","cullface":"up"},"west":{"uv":[8,10,8.75,11],"rotation":270,"texture":"#all","cullface":"up"},"up":{"uv":[8,10,11,11],"texture":"#all","cullface":"up"}}},{"from":[2,15.75,11],"to":[5,16.75,12],"faces":{"north":{"uv":[2,11,5,12],"rotation":180,"texture":"#all","cullface":"up"},"east":{"uv":[4,11,5,12],"rotation":90,"texture":"#all","cullface":"up"},"south":{"uv":[2,11,5,12],"texture":"#all","cullface":"up"},"west":{"uv":[2,11,3,12],"rotation":270,"texture":"#all","cullface":"up"},"up":{"uv":[2,11,5,12],"texture":"#all","cullface":"up"}}},{"from":[9,15.75,8],"to":[12,16.5,9],"faces":{"north":{"uv":[9,8,12,8.75],"rotation":180,"texture":"#all","cullface":"up"},"east":{"uv":[11,8,11.75,9],"rotation":90,"texture":"#all","cullface":"up"},"west":{"uv":[9,8,9.75,9],"rotation":270,"texture":"#all","cullface":"up"},"up":{"uv":[9,8,12,9],"texture":"#all","cullface":"up"}}},{"from":[7,15.75,8],"to":[8,16.5,9],"faces":{"north":{"uv":[7,8,8,8.75],"rotation":180,"texture":"#all","cullface":"up"},"east":{"uv":[7,8,7.75,9],"rotation":90,"texture":"#all","cullface":"up"},"west":{"uv":[7,8,7.75,9],"rotation":270,"texture":"#all","cullface":"up"},"up":{"uv":[7,8,8,9],"texture":"#all","cullface":"up"}}},{"from":[7,15.75,9],"to":[12,16.75,10],"faces":{"north":{"uv":[7,9,12,10],"rotation":180,"texture":"#all","cullface":"up"},"east":{"uv":[11,9,12,10],"rotation":90,"texture":"#all","cullface":"up"},"south":{"uv":[7,9,12,10],"texture":"#all","cullface":"up"},"west":{"uv":[7,9,8,10],"rotation":270,"texture":"#all","cullface":"up"},"up":{"uv":[7,9,12,10],"texture":"#all","cullface":"up"}}},{"from":[3,15.75,6],"to":[8,16.75,7],"faces":{"north":{"uv":[3,6,8,7],"rotation":180,"texture":"#all","cullface":"up"},"east":{"uv":[7,6,8,7],"rotation":90,"texture":"#all","cullface":"up"},"south":{"uv":[3,6,8,7],"texture":"#all","cullface":"up"},"west":{"uv":[3,6,4,7],"rotation":270,"texture":"#all","cullface":"up"},"up":{"uv":[3,6,8,7],"texture":"#all","cullface":"up"}}},{"from":[5,15.75,5],"to":[7,16.5,6],"faces":{"north":{"uv":[5,5,7,5.75],"rotation":180,"texture":"#all","cullface":"up"},"east":{"uv":[6,5,6.75,6],"rotation":90,"texture":"#all","cullface":"up"},"west":{"uv":[5,5,5.75,6],"rotation":270,"texture":"#all","cullface":"up"},"up":{"uv":[5,5,7,6],"texture":"#all","cullface":"up"}}},{"from":[7,15.75,3],"to":[9,16.5,4],"faces":{"north":{"uv":[7,3,9,3.75],"rotation":180,"texture":"#all","cullface":"up"},"east":{"uv":[8,3,8.75,4],"rotation":90,"texture":"#all","cullface":"up"},"south":{"uv":[7,3,9,3.75],"texture":"#all","cullface":"up"},"west":{"uv":[7,3,7.75,4],"rotation":270,"texture":"#all","cullface":"up"},"up":{"uv":[7,3,9,4],"texture":"#all","cullface":"up"}}},{"from":[5,15.75,3],"to":[6,16.5,4],"faces":{"east":{"uv":[5,3,5.75,4],"rotation":90,"texture":"#all","cullface":"up"},"south":{"uv":[5,3,6,3.75],"texture":"#all","cullface":"up"},"west":{"uv":[5,3,5.75,4],"rotation":270,"texture":"#all","cullface":"up"},"up":{"uv":[5,3,6,4],"texture":"#all","cullface":"up"}}},{"from":[12,15.75,2],"to":[14,16.5,3],"faces":{"north":{"uv":[12,2,14,2.75],"rotation":180,"texture":"#all","cullface":"up"},"east":{"uv":[13,2,13.75,3],"rotation":90,"texture":"#all","cullface":"up"},"south":{"uv":[12,2,14,2.75],"texture":"#all","cullface":"up"},"west":{"uv":[12,2,12.75,3],"rotation":270,"texture":"#all","cullface":"up"},"up":{"uv":[12,2,14,3],"texture":"#all","cullface":"up"}}},{"from":[2,15.75,2],"to":[6,16.75,3],"faces":{"north":{"uv":[2,2,6,3],"rotation":180,"texture":"#all","cullface":"up"},"east":{"uv":[5,2,6,3],"rotation":90,"texture":"#all","cullface":"up"},"south":{"uv":[2,2,6,3],"texture":"#all","cullface":"up"},"west":{"uv":[2,2,3,3],"rotation":270,"texture":"#all","cullface":"up"},"up":{"uv":[2,2,6,3],"texture":"#all","cullface":"up"}}},{"from":[10,-0.75,9],"to":[12,0.25,11],"faces":{"north":{"uv":[10,6,12,7],"rotation":180,"texture":"#all","cullface":"down"},"east":{"uv":[11,5,12,7],"rotation":270,"texture":"#all","cullface":"down"},"south":{"uv":[10,5,12,6],"texture":"#all","cullface":"down"},"west":{"uv":[10,5,11,7],"rotation":90,"texture":"#all","cullface":"down"},"down":{"uv":[10,5,12,7],"texture":"#all","cullface":"down"}}},{"from":[8,-0.75,2],"to":[11,0.25,4],"faces":{"north":{"uv":[8,13,11,14],"rotation":180,"texture":"#all","cullface":"down"},"east":{"uv":[10,12,11,14],"rotation":270,"texture":"#all","cullface":"down"},"south":{"uv":[8,12,11,13],"texture":"#all","cullface":"down"},"west":{"uv":[8,12,9,14],"rotation":90,"texture":"#all","cullface":"down"},"down":{"uv":[8,12,11,14],"texture":"#all","cullface":"down"}}},{"from":[4,-0.75,1],"to":[7,0.25,3],"faces":{"north":{"uv":[4,14,7,15],"rotation":180,"texture":"#all","cullface":"down"},"east":{"uv":[6,13,7,15],"rotation":270,"texture":"#all","cullface":"down"},"south":{"uv":[4,13,7,14],"texture":"#all","cullface":"down"},"west":{"uv":[4,13,5,15],"rotation":90,"texture":"#all","cullface":"down"},"down":{"uv":[4,13,7,15],"texture":"#all","cullface":"down"}}},{"from":[1,-0.5,7],"to":[3,0.25,9],"faces":{"north":{"uv":[1,8,3,8.75],"rotation":180,"texture":"#all","cullface":"down"},"east":{"uv":[2,7,2.75,9],"rotation":270,"texture":"#all","cullface":"down"},"south":{"uv":[1,7,3,7.75],"texture":"#all","cullface":"down"},"west":{"uv":[1,7,1.75,9],"rotation":90,"texture":"#all","cullface":"down"},"down":{"uv":[1,7,3,9],"texture":"#all","cullface":"down"}}},{"from":[5,-0.5,3],"to":[6,0.25,4],"faces":{"east":{"uv":[5,12,5.75,13],"rotation":270,"texture":"#all","cullface":"down"},"south":{"uv":[5,12,6,12.75],"texture":"#all","cullface":"down"},"west":{"uv":[5,12,5.75,13],"rotation":90,"texture":"#all","cullface":"down"},"down":{"uv":[5,12,6,13],"texture":"#all","cullface":"down"}}},{"from":[4,-0.5,5],"to":[5,0.25,6],"faces":{"east":{"uv":[4,10,4.75,11],"rotation":270,"texture":"#all","cullface":"down"},"south":{"uv":[4,10,5,10.75],"texture":"#all","cullface":"down"},"west":{"uv":[4,10,4.75,11],"rotation":90,"texture":"#all","cullface":"down"},"down":{"uv":[4,10,5,11],"texture":"#all","cullface":"down"}}},{"from":[8,-0.5,5],"to":[11,0.25,6],"faces":{"north":{"uv":[8,10,11,10.75],"rotation":180,"texture":"#all","cullface":"down"},"east":{"uv":[10,10,10.75,11],"rotation":270,"texture":"#all","cullface":"down"},"west":{"uv":[8,10,8.75,11],"rotation":90,"texture":"#all","cullface":"down"},"down":{"uv":[8,10,11,11],"texture":"#all","cullface":"down"}}},{"from":[2,-0.75,4],"to":[5,0.25,5],"faces":{"north":{"uv":[2,11,5,12],"rotation":180,"texture":"#all","cullface":"down"},"east":{"uv":[4,11,5,12],"rotation":270,"texture":"#all","cullface":"down"},"south":{"uv":[2,11,5,12],"texture":"#all","cullface":"down"},"west":{"uv":[2,11,3,12],"rotation":90,"texture":"#all","cullface":"down"},"down":{"uv":[2,11,5,12],"texture":"#all","cullface":"down"}}},{"from":[9,-0.5,7],"to":[12,0.25,8],"faces":{"east":{"uv":[11,8,11.75,9],"rotation":270,"texture":"#all","cullface":"down"},"south":{"uv":[9,8,12,8.75],"texture":"#all","cullface":"down"},"west":{"uv":[9,8,9.75,9],"rotation":90,"texture":"#all","cullface":"down"},"down":{"uv":[9,8,12,9],"texture":"#all","cullface":"down"}}},{"from":[7,-0.5,7],"to":[8,0.25,8],"faces":{"east":{"uv":[7,8,7.75,9],"rotation":270,"texture":"#all","cullface":"down"},"south":{"uv":[7,8,8,8.75],"texture":"#all","cullface":"down"},"west":{"uv":[7,8,7.75,9],"rotation":90,"texture":"#all","cullface":"down"},"down":{"uv":[7,8,8,9],"texture":"#all","cullface":"down"}}},{"from":[7,-0.75,6],"to":[12,0.25,7],"faces":{"north":{"uv":[7,9,12,10],"rotation":180,"texture":"#all","cullface":"down"},"east":{"uv":[11,9,12,10],"rotation":270,"texture":"#all","cullface":"down"},"south":{"uv":[7,9,12,10],"texture":"#all","cullface":"down"},"west":{"uv":[7,9,8,10],"rotation":90,"texture":"#all","cullface":"down"},"down":{"uv":[7,9,12,10],"texture":"#all","cullface":"down"}}},{"from":[3,-0.75,9],"to":[8,0.25,10],"faces":{"north":{"uv":[3,6,8,7],"rotation":180,"texture":"#all","cullface":"down"},"east":{"uv":[7,6,8,7],"rotation":270,"texture":"#all","cullface":"down"},"south":{"uv":[3,6,8,7],"texture":"#all","cullface":"down"},"west":{"uv":[3,6,4,7],"rotation":90,"texture":"#all","cullface":"down"},"down":{"uv":[3,6,8,7],"texture":"#all","cullface":"down"}}},{"from":[5,-0.5,10],"to":[7,0.25,11],"faces":{"east":{"uv":[6,5,6.75,6],"rotation":270,"texture":"#all","cullface":"down"},"south":{"uv":[5,5,7,5.75],"texture":"#all","cullface":"down"},"west":{"uv":[5,5,5.75,6],"rotation":90,"texture":"#all","cullface":"down"},"down":{"uv":[5,5,7,6],"texture":"#all","cullface":"down"}}},{"from":[7,-0.5,12],"to":[9,0.25,13],"faces":{"north":{"uv":[7,3,9,3.75],"rotation":180,"texture":"#all","cullface":"down"},"east":{"uv":[8,3,8.75,4],"rotation":270,"texture":"#all","cullface":"down"},"south":{"uv":[7,3,9,3.75],"texture":"#all","cullface":"down"},"west":{"uv":[7,3,7.75,4],"rotation":90,"texture":"#all","cullface":"down"},"down":{"uv":[7,3,9,4],"texture":"#all","cullface":"down"}}},{"from":[5,-0.5,12],"to":[6,0.25,13],"faces":{"north":{"uv":[5,3,6,3.75],"rotation":180,"texture":"#all","cullface":"down"},"east":{"uv":[5,3,5.75,4],"rotation":270,"texture":"#all","cullface":"down"},"west":{"uv":[5,3,5.75,4],"rotation":90,"texture":"#all","cullface":"down"},"down":{"uv":[5,3,6,4],"texture":"#all","cullface":"down"}}},{"from":[12,-0.5,13],"to":[14,0.25,14],"faces":{"north":{"uv":[12,2,14,2.75],"rotation":180,"texture":"#all","cullface":"down"},"east":{"uv":[13,2,13.75,3],"rotation":270,"texture":"#all","cullface":"down"},"south":{"uv":[12,2,14,2.75],"texture":"#all","cullface":"down"},"west":{"uv":[12,2,12.75,3],"rotation":90,"texture":"#all","cullface":"down"},"down":{"uv":[12,2,14,3],"texture":"#all","cullface":"down"}}},{"from":[2,-0.75,13],"to":[6,0.25,14],"faces":{"north":{"uv":[2,2,6,3],"rotation":180,"texture":"#all","cullface":"down"},"east":{"uv":[5,2,6,3],"rotation":270,"texture":"#all","cullface":"down"},"south":{"uv":[2,2,6,3],"texture":"#all","cullface":"down"},"west":{"uv":[2,2,3,3],"rotation":90,"texture":"#all","cullface":"down"},"down":{"uv":[2,2,6,3],"texture":"#all","cullface":"down"}}}]}