{"parent": "block/cube_all", "textures": {"ore": "block/nether_quartz_ore", "particle": "block/nether_quartz_ore", "cube": "block/nether_quartz_ore"}, "elements": [{"from": [6, 13, -0.49], "to": [9, 14, 0.01], "rotation": {"angle": 0, "axis": "y", "origin": [8, 8, 8.5]}, "faces": {"north": {"uv": [7, 2, 10, 3], "texture": "#ore", "cullface": "north"}, "east": {"uv": [7, 2, 8, 3], "texture": "#ore", "cullface": "north"}, "west": {"uv": [9, 2, 10, 3], "texture": "#ore", "cullface": "north"}, "up": {"uv": [7, 2, 10, 3], "rotation": 180, "texture": "#ore", "cullface": "north"}, "down": {"uv": [7, 2, 10, 3], "rotation": 180, "texture": "#ore", "cullface": "north"}}}, {"from": [7, 12, -0.49], "to": [11, 13, 0.01], "rotation": {"angle": 0, "axis": "y", "origin": [8, 8, 8.5]}, "faces": {"north": {"uv": [5, 3, 9, 4], "texture": "#ore", "cullface": "north"}, "east": {"uv": [5, 3, 6, 4], "texture": "#ore", "cullface": "north"}, "west": {"uv": [8, 3, 9, 4], "texture": "#ore", "cullface": "north"}, "up": {"uv": [5, 3, 9, 4], "rotation": 180, "texture": "#ore", "cullface": "north"}, "down": {"uv": [5, 3, 9, 4], "rotation": 180, "texture": "#ore", "cullface": "north"}}}, {"from": [9, 11, -0.49], "to": [12, 12, 0.01], "rotation": {"angle": 0, "axis": "y", "origin": [8, 8, 8.5]}, "faces": {"north": {"uv": [4, 4, 7, 5], "texture": "#ore", "cullface": "north"}, "east": {"uv": [4, 4, 5, 5], "texture": "#ore", "cullface": "north"}, "west": {"uv": [6, 4, 7, 5], "texture": "#ore", "cullface": "north"}, "up": {"uv": [4, 4, 7, 5], "rotation": 180, "texture": "#ore", "cullface": "north"}, "down": {"uv": [4, 4, 7, 5], "rotation": 180, "texture": "#ore", "cullface": "north"}}}, {"from": [10, 10, -0.49], "to": [13, 11, 0.01], "rotation": {"angle": 0, "axis": "y", "origin": [8, 8, 8.5]}, "faces": {"north": {"uv": [3, 5, 6, 6], "texture": "#ore", "cullface": "north"}, "east": {"uv": [3, 5, 4, 6], "texture": "#ore", "cullface": "north"}, "west": {"uv": [5, 5, 6, 6], "texture": "#ore", "cullface": "north"}, "up": {"uv": [3, 5, 6, 6], "rotation": 180, "texture": "#ore", "cullface": "north"}, "down": {"uv": [3, 5, 6, 6], "rotation": 180, "texture": "#ore", "cullface": "north"}}}, {"from": [11, 9, -0.49], "to": [12, 10, 0.01], "rotation": {"angle": 0, "axis": "y", "origin": [8, 8, 8.5]}, "faces": {"north": {"uv": [4, 6, 5, 7], "texture": "#ore", "cullface": "north"}, "east": {"uv": [4, 6, 5, 7], "texture": "#ore", "cullface": "north"}, "west": {"uv": [4, 6, 5, 7], "texture": "#ore", "cullface": "north"}, "up": {"uv": [4, 6, 5, 7], "texture": "#ore", "cullface": "north"}, "down": {"uv": [4, 6, 5, 7], "texture": "#ore", "cullface": "north"}}}, {"from": [5, 9, -0.49], "to": [7, 11, 0.01], "rotation": {"angle": 0, "axis": "y", "origin": [8, 8, 8.5]}, "faces": {"north": {"uv": [9, 5, 11, 7], "texture": "#ore", "cullface": "north"}, "east": {"uv": [9, 5, 10, 7], "texture": "#ore", "cullface": "north"}, "west": {"uv": [10, 5, 11, 7], "texture": "#ore", "cullface": "north"}, "up": {"uv": [9, 5, 11, 6], "rotation": 180, "texture": "#ore", "cullface": "north"}, "down": {"uv": [9, 6, 11, 7], "rotation": 180, "texture": "#ore", "cullface": "north"}}}, {"from": [4, 10, -0.49], "to": [5, 11, 0.01], "rotation": {"angle": 0, "axis": "y", "origin": [8, 8, 8.5]}, "faces": {"north": {"uv": [11, 5, 12, 6], "texture": "#ore", "cullface": "north"}, "east": {"uv": [11, 5, 12, 6], "texture": "#ore", "cullface": "north"}, "west": {"uv": [11, 5, 12, 6], "texture": "#ore", "cullface": "north"}, "up": {"uv": [11, 5, 12, 6], "texture": "#ore", "cullface": "north"}, "down": {"uv": [11, 5, 12, 6], "texture": "#ore", "cullface": "north"}}}, {"from": [7, 8, -0.49], "to": [8, 11, 0.01], "rotation": {"angle": 0, "axis": "y", "origin": [8, 8, 8.5]}, "faces": {"north": {"uv": [8, 5, 9, 8], "texture": "#ore", "cullface": "north"}, "east": {"uv": [8, 5, 9, 8], "texture": "#ore", "cullface": "north"}, "west": {"uv": [8, 5, 9, 8], "texture": "#ore", "cullface": "north"}, "up": {"uv": [8, 5, 9, 6], "texture": "#ore", "cullface": "north"}, "down": {"uv": [8, 7, 9, 8], "texture": "#ore", "cullface": "north"}}}, {"from": [8, 8, -0.49], "to": [9, 10, 0.01], "rotation": {"angle": 0, "axis": "y", "origin": [8, 8, 8.5]}, "faces": {"north": {"uv": [7, 6, 8, 8], "texture": "#ore", "cullface": "north"}, "east": {"uv": [7, 6, 8, 8], "texture": "#ore", "cullface": "north"}, "west": {"uv": [7, 6, 8, 8], "texture": "#ore", "cullface": "north"}, "up": {"uv": [7, 6, 8, 7], "texture": "#ore", "cullface": "north"}, "down": {"uv": [7, 7, 8, 8], "texture": "#ore", "cullface": "north"}}}, {"from": [9, 7, -0.49], "to": [10, 10, 0.01], "rotation": {"angle": 0, "axis": "y", "origin": [8, 8, 8.5]}, "faces": {"north": {"uv": [6, 6, 7, 9], "texture": "#ore", "cullface": "north"}, "east": {"uv": [6, 6, 7, 9], "texture": "#ore", "cullface": "north"}, "west": {"uv": [6, 6, 7, 9], "texture": "#ore", "cullface": "north"}, "up": {"uv": [6, 6, 7, 7], "texture": "#ore", "cullface": "north"}, "down": {"uv": [6, 8, 7, 9], "texture": "#ore", "cullface": "north"}}}, {"from": [10, 5, -0.49], "to": [11, 9, 0.01], "rotation": {"angle": 0, "axis": "y", "origin": [8, 8, 8.5]}, "faces": {"north": {"uv": [5, 7, 6, 11], "texture": "#ore", "cullface": "north"}, "east": {"uv": [5, 7, 6, 11], "texture": "#ore", "cullface": "north"}, "west": {"uv": [5, 7, 6, 11], "texture": "#ore", "cullface": "north"}, "up": {"uv": [5, 7, 6, 8], "texture": "#ore", "cullface": "north"}, "down": {"uv": [5, 10, 6, 11], "texture": "#ore", "cullface": "north"}}}, {"from": [11, 4, -0.49], "to": [12, 8, 0.01], "rotation": {"angle": 0, "axis": "y", "origin": [8, 8, 8.5]}, "faces": {"north": {"uv": [4, 8, 5, 12], "texture": "#ore", "cullface": "north"}, "east": {"uv": [4, 8, 5, 12], "texture": "#ore", "cullface": "north"}, "west": {"uv": [4, 8, 5, 12], "texture": "#ore", "cullface": "north"}, "up": {"uv": [4, 8, 5, 9], "texture": "#ore", "cullface": "north"}, "down": {"uv": [4, 11, 5, 12], "texture": "#ore", "cullface": "north"}}}, {"from": [12, 4, -0.49], "to": [13, 6, 0.01], "rotation": {"angle": 0, "axis": "y", "origin": [8, 8, 8.5]}, "faces": {"north": {"uv": [3, 10, 4, 12], "texture": "#ore", "cullface": "north"}, "east": {"uv": [3, 10, 4, 12], "texture": "#ore", "cullface": "north"}, "west": {"uv": [3, 10, 4, 12], "texture": "#ore", "cullface": "north"}, "up": {"uv": [3, 10, 4, 11], "texture": "#ore", "cullface": "north"}, "down": {"uv": [3, 11, 4, 12], "texture": "#ore", "cullface": "north"}}}, {"from": [6, 3, -0.49], "to": [7, 6, 0.01], "rotation": {"angle": 0, "axis": "y", "origin": [8, 8, 8.5]}, "faces": {"north": {"uv": [9, 10, 10, 13], "texture": "#ore", "cullface": "north"}, "east": {"uv": [9, 10, 10, 13], "texture": "#ore", "cullface": "north"}, "west": {"uv": [9, 10, 10, 13], "texture": "#ore", "cullface": "north"}, "up": {"uv": [9, 10, 10, 11], "texture": "#ore", "cullface": "north"}, "down": {"uv": [9, 12, 10, 13], "texture": "#ore", "cullface": "north"}}}, {"from": [7, 1, -0.49], "to": [8, 5, 0.01], "rotation": {"angle": 0, "axis": "y", "origin": [8, 8, 8.5]}, "faces": {"north": {"uv": [8, 11, 9, 15], "texture": "#ore", "cullface": "north"}, "east": {"uv": [8, 11, 9, 15], "texture": "#ore", "cullface": "north"}, "west": {"uv": [8, 11, 9, 15], "texture": "#ore", "cullface": "north"}, "up": {"uv": [8, 11, 9, 12], "texture": "#ore", "cullface": "north"}, "down": {"uv": [8, 14, 9, 15], "texture": "#ore", "cullface": "north"}}}, {"from": [8, 2, -0.49], "to": [9, 4, 0.01], "rotation": {"angle": 0, "axis": "y", "origin": [8, 8, 8.5]}, "faces": {"north": {"uv": [7, 12, 8, 14], "texture": "#ore", "cullface": "north"}, "east": {"uv": [7, 12, 8, 14], "texture": "#ore", "cullface": "north"}, "west": {"uv": [7, 12, 8, 14], "texture": "#ore", "cullface": "north"}, "up": {"uv": [7, 12, 8, 13], "texture": "#ore", "cullface": "north"}, "down": {"uv": [7, 13, 8, 14], "texture": "#ore", "cullface": "north"}}}, {"from": [3, 2, -0.49], "to": [5, 3, 0.01], "rotation": {"angle": 0, "axis": "y", "origin": [8, 8, 8.5]}, "faces": {"north": {"uv": [11, 13, 13, 14], "texture": "#ore", "cullface": "north"}, "east": {"uv": [11, 13, 12, 14], "texture": "#ore", "cullface": "north"}, "west": {"uv": [12, 13, 13, 14], "texture": "#ore", "cullface": "north"}, "up": {"uv": [11, 13, 13, 14], "texture": "#ore", "cullface": "north"}, "down": {"uv": [11, 13, 13, 14], "texture": "#ore", "cullface": "north"}}}, {"from": [2, 3, -0.49], "to": [3, 4, 0.01], "rotation": {"angle": 0, "axis": "y", "origin": [8, 8, 8.5]}, "faces": {"north": {"uv": [13, 12, 14, 13], "texture": "#ore", "cullface": "north"}, "east": {"uv": [13, 12, 14, 13], "texture": "#ore", "cullface": "north"}, "west": {"uv": [13, 12, 14, 13], "texture": "#ore", "cullface": "north"}, "up": {"uv": [13, 12, 14, 13], "texture": "#ore", "cullface": "north"}, "down": {"uv": [13, 12, 14, 13], "texture": "#ore", "cullface": "north"}}}, {"from": [3, 5, -0.49], "to": [4, 8, 0.01], "rotation": {"angle": 0, "axis": "y", "origin": [8, 8, 8.5]}, "faces": {"north": {"uv": [12, 8, 13, 11], "texture": "#ore", "cullface": "north"}, "east": {"uv": [12, 8, 13, 11], "texture": "#ore", "cullface": "north"}, "west": {"uv": [12, 8, 13, 11], "texture": "#ore", "cullface": "north"}, "up": {"uv": [12, 8, 13, 9], "texture": "#ore", "cullface": "north"}, "down": {"uv": [12, 10, 13, 11], "texture": "#ore", "cullface": "north"}}}, {"from": [2, 6, -0.49], "to": [3, 9, 0.01], "rotation": {"angle": 0, "axis": "y", "origin": [8, 8, 8.5]}, "faces": {"north": {"uv": [13, 7, 14, 10], "texture": "#ore", "cullface": "north"}, "east": {"uv": [13, 7, 14, 10], "texture": "#ore", "cullface": "north"}, "west": {"uv": [13, 7, 14, 10], "texture": "#ore", "cullface": "north"}, "up": {"uv": [13, 7, 14, 8], "texture": "#ore", "cullface": "north"}, "down": {"uv": [13, 9, 14, 10], "texture": "#ore", "cullface": "north"}}}, {"from": [1, 6, -0.49], "to": [2, 10, 0.01], "rotation": {"angle": 0, "axis": "y", "origin": [8, 8, 8.5]}, "faces": {"north": {"uv": [14, 6, 15, 10], "texture": "#ore", "cullface": "north"}, "east": {"uv": [14, 6, 15, 10], "texture": "#ore", "cullface": "north"}, "west": {"uv": [14, 6, 15, 10], "texture": "#ore", "cullface": "north"}, "up": {"uv": [14, 6, 15, 7], "texture": "#ore", "cullface": "north"}, "down": {"uv": [14, 9, 15, 10], "texture": "#ore", "cullface": "north"}}}, {"from": [15.99, 13, 6], "to": [16.49, 14, 9], "rotation": {"angle": 0, "axis": "y", "origin": [7.5, 8, 8]}, "faces": {"north": {"uv": [9, 2, 10, 3], "texture": "#ore", "cullface": "east"}, "east": {"uv": [7, 2, 10, 3], "texture": "#ore", "cullface": "east"}, "south": {"uv": [7, 2, 8, 3], "texture": "#ore", "cullface": "east"}, "up": {"uv": [7, 2, 10, 3], "rotation": 270, "texture": "#ore", "cullface": "east"}, "down": {"uv": [7, 2, 10, 3], "rotation": 90, "texture": "#ore", "cullface": "east"}}}, {"from": [15.99, 12, 7], "to": [16.49, 13, 11], "rotation": {"angle": 0, "axis": "y", "origin": [7.5, 8, 8]}, "faces": {"north": {"uv": [8, 3, 9, 4], "texture": "#ore", "cullface": "east"}, "east": {"uv": [5, 3, 9, 4], "texture": "#ore", "cullface": "east"}, "south": {"uv": [5, 3, 6, 4], "texture": "#ore", "cullface": "east"}, "up": {"uv": [5, 3, 9, 4], "rotation": 270, "texture": "#ore", "cullface": "east"}, "down": {"uv": [5, 3, 9, 4], "rotation": 90, "texture": "#ore", "cullface": "east"}}}, {"from": [15.99, 11, 9], "to": [16.49, 12, 12], "rotation": {"angle": 0, "axis": "y", "origin": [7.5, 8, 8]}, "faces": {"north": {"uv": [6, 4, 7, 5], "texture": "#ore", "cullface": "east"}, "east": {"uv": [4, 4, 7, 5], "texture": "#ore", "cullface": "east"}, "south": {"uv": [4, 4, 5, 5], "texture": "#ore", "cullface": "east"}, "up": {"uv": [4, 4, 7, 5], "rotation": 270, "texture": "#ore", "cullface": "east"}, "down": {"uv": [4, 4, 7, 5], "rotation": 90, "texture": "#ore", "cullface": "east"}}}, {"from": [15.99, 10, 10], "to": [16.49, 11, 13], "rotation": {"angle": 0, "axis": "y", "origin": [7.5, 8, 8]}, "faces": {"north": {"uv": [5, 5, 6, 6], "texture": "#ore", "cullface": "east"}, "east": {"uv": [3, 5, 6, 6], "texture": "#ore", "cullface": "east"}, "south": {"uv": [3, 5, 4, 6], "texture": "#ore", "cullface": "east"}, "up": {"uv": [3, 5, 6, 6], "rotation": 270, "texture": "#ore", "cullface": "east"}, "down": {"uv": [3, 5, 6, 6], "rotation": 90, "texture": "#ore", "cullface": "east"}}}, {"from": [15.99, 9, 11], "to": [16.49, 10, 12], "rotation": {"angle": 0, "axis": "y", "origin": [7.5, 8, 8]}, "faces": {"north": {"uv": [4, 6, 5, 7], "texture": "#ore", "cullface": "east"}, "east": {"uv": [4, 6, 5, 7], "texture": "#ore", "cullface": "east"}, "south": {"uv": [4, 6, 5, 7], "texture": "#ore", "cullface": "east"}, "up": {"uv": [4, 6, 5, 7], "rotation": 90, "texture": "#ore", "cullface": "east"}, "down": {"uv": [4, 6, 5, 7], "rotation": 270, "texture": "#ore", "cullface": "east"}}}, {"from": [15.99, 9, 5], "to": [16.49, 11, 7], "rotation": {"angle": 0, "axis": "y", "origin": [7.5, 8, 8]}, "faces": {"north": {"uv": [10, 5, 11, 7], "texture": "#ore", "cullface": "east"}, "east": {"uv": [9, 5, 11, 7], "texture": "#ore", "cullface": "east"}, "south": {"uv": [9, 5, 10, 7], "texture": "#ore", "cullface": "east"}, "up": {"uv": [9, 5, 11, 6], "rotation": 270, "texture": "#ore", "cullface": "east"}, "down": {"uv": [9, 6, 11, 7], "rotation": 90, "texture": "#ore", "cullface": "east"}}}, {"from": [15.99, 10, 4], "to": [16.49, 11, 5], "rotation": {"angle": 0, "axis": "y", "origin": [7.5, 8, 8]}, "faces": {"north": {"uv": [11, 5, 12, 6], "texture": "#ore", "cullface": "east"}, "east": {"uv": [11, 5, 12, 6], "texture": "#ore", "cullface": "east"}, "south": {"uv": [11, 5, 12, 6], "texture": "#ore", "cullface": "east"}, "up": {"uv": [11, 5, 12, 6], "rotation": 90, "texture": "#ore", "cullface": "east"}, "down": {"uv": [11, 5, 12, 6], "rotation": 270, "texture": "#ore", "cullface": "east"}}}, {"from": [15.99, 8, 7], "to": [16.49, 11, 8], "rotation": {"angle": 0, "axis": "y", "origin": [7.5, 8, 8]}, "faces": {"north": {"uv": [8, 5, 9, 8], "texture": "#ore", "cullface": "east"}, "east": {"uv": [8, 5, 9, 8], "texture": "#ore", "cullface": "east"}, "south": {"uv": [8, 5, 9, 8], "texture": "#ore", "cullface": "east"}, "up": {"uv": [8, 5, 9, 6], "rotation": 90, "texture": "#ore", "cullface": "east"}, "down": {"uv": [8, 7, 9, 8], "rotation": 270, "texture": "#ore", "cullface": "east"}}}, {"from": [15.99, 8, 8], "to": [16.49, 10, 9], "rotation": {"angle": 0, "axis": "y", "origin": [7.5, 8, 8]}, "faces": {"north": {"uv": [7, 6, 8, 8], "texture": "#ore", "cullface": "east"}, "east": {"uv": [7, 6, 8, 8], "texture": "#ore", "cullface": "east"}, "south": {"uv": [7, 6, 8, 8], "texture": "#ore", "cullface": "east"}, "up": {"uv": [7, 6, 8, 7], "rotation": 90, "texture": "#ore", "cullface": "east"}, "down": {"uv": [7, 7, 8, 8], "rotation": 270, "texture": "#ore", "cullface": "east"}}}, {"from": [15.99, 7, 9], "to": [16.49, 10, 10], "rotation": {"angle": 0, "axis": "y", "origin": [7.5, 8, 8]}, "faces": {"north": {"uv": [6, 6, 7, 9], "texture": "#ore", "cullface": "east"}, "east": {"uv": [6, 6, 7, 9], "texture": "#ore", "cullface": "east"}, "south": {"uv": [6, 6, 7, 9], "texture": "#ore", "cullface": "east"}, "up": {"uv": [6, 6, 7, 7], "rotation": 90, "texture": "#ore", "cullface": "east"}, "down": {"uv": [6, 8, 7, 9], "rotation": 270, "texture": "#ore", "cullface": "east"}}}, {"from": [15.99, 5, 10], "to": [16.49, 9, 11], "rotation": {"angle": 0, "axis": "y", "origin": [7.5, 8, 8]}, "faces": {"north": {"uv": [5, 7, 6, 11], "texture": "#ore", "cullface": "east"}, "east": {"uv": [5, 7, 6, 11], "texture": "#ore", "cullface": "east"}, "south": {"uv": [5, 7, 6, 11], "texture": "#ore", "cullface": "east"}, "up": {"uv": [5, 7, 6, 8], "rotation": 90, "texture": "#ore", "cullface": "east"}, "down": {"uv": [5, 10, 6, 11], "rotation": 270, "texture": "#ore", "cullface": "east"}}}, {"from": [15.99, 4, 11], "to": [16.49, 8, 12], "rotation": {"angle": 0, "axis": "y", "origin": [7.5, 8, 8]}, "faces": {"north": {"uv": [4, 8, 5, 12], "texture": "#ore", "cullface": "east"}, "east": {"uv": [4, 8, 5, 12], "texture": "#ore", "cullface": "east"}, "south": {"uv": [4, 8, 5, 12], "texture": "#ore", "cullface": "east"}, "up": {"uv": [4, 8, 5, 9], "rotation": 90, "texture": "#ore", "cullface": "east"}, "down": {"uv": [4, 11, 5, 12], "rotation": 270, "texture": "#ore", "cullface": "east"}}}, {"from": [15.99, 4, 12], "to": [16.49, 6, 13], "rotation": {"angle": 0, "axis": "y", "origin": [7.5, 8, 8]}, "faces": {"north": {"uv": [3, 10, 4, 12], "texture": "#ore", "cullface": "east"}, "east": {"uv": [3, 10, 4, 12], "texture": "#ore", "cullface": "east"}, "south": {"uv": [3, 10, 4, 12], "texture": "#ore", "cullface": "east"}, "up": {"uv": [3, 10, 4, 11], "rotation": 90, "texture": "#ore", "cullface": "east"}, "down": {"uv": [3, 11, 4, 12], "rotation": 270, "texture": "#ore", "cullface": "east"}}}, {"from": [15.99, 3, 6], "to": [16.49, 6, 7], "rotation": {"angle": 0, "axis": "y", "origin": [7.5, 8, 8]}, "faces": {"north": {"uv": [9, 10, 10, 13], "texture": "#ore", "cullface": "east"}, "east": {"uv": [9, 10, 10, 13], "texture": "#ore", "cullface": "east"}, "south": {"uv": [9, 10, 10, 13], "texture": "#ore", "cullface": "east"}, "up": {"uv": [9, 10, 10, 11], "rotation": 90, "texture": "#ore", "cullface": "east"}, "down": {"uv": [9, 12, 10, 13], "rotation": 270, "texture": "#ore", "cullface": "east"}}}, {"from": [15.99, 1, 7], "to": [16.49, 5, 8], "rotation": {"angle": 0, "axis": "y", "origin": [7.5, 8, 8]}, "faces": {"north": {"uv": [8, 11, 9, 15], "texture": "#ore", "cullface": "east"}, "east": {"uv": [8, 11, 9, 15], "texture": "#ore", "cullface": "east"}, "south": {"uv": [8, 11, 9, 15], "texture": "#ore", "cullface": "east"}, "up": {"uv": [8, 11, 9, 12], "rotation": 90, "texture": "#ore", "cullface": "east"}, "down": {"uv": [8, 14, 9, 15], "rotation": 270, "texture": "#ore", "cullface": "east"}}}, {"from": [15.99, 2, 8], "to": [16.49, 4, 9], "rotation": {"angle": 0, "axis": "y", "origin": [7.5, 8, 8]}, "faces": {"north": {"uv": [7, 12, 8, 14], "texture": "#ore", "cullface": "east"}, "east": {"uv": [7, 12, 8, 14], "texture": "#ore", "cullface": "east"}, "south": {"uv": [7, 12, 8, 14], "texture": "#ore", "cullface": "east"}, "up": {"uv": [7, 12, 8, 13], "rotation": 90, "texture": "#ore", "cullface": "east"}, "down": {"uv": [7, 13, 8, 14], "rotation": 270, "texture": "#ore", "cullface": "east"}}}, {"from": [15.99, 2, 3], "to": [16.49, 3, 5], "rotation": {"angle": 0, "axis": "y", "origin": [7.5, 8, 8]}, "faces": {"north": {"uv": [12, 13, 13, 14], "texture": "#ore", "cullface": "east"}, "east": {"uv": [11, 13, 13, 14], "texture": "#ore", "cullface": "east"}, "south": {"uv": [11, 13, 12, 14], "texture": "#ore", "cullface": "east"}, "up": {"uv": [11, 13, 13, 14], "rotation": 90, "texture": "#ore", "cullface": "east"}, "down": {"uv": [11, 13, 13, 14], "rotation": 270, "texture": "#ore", "cullface": "east"}}}, {"from": [15.99, 3, 2], "to": [16.49, 4, 3], "rotation": {"angle": 0, "axis": "y", "origin": [7.5, 8, 8]}, "faces": {"north": {"uv": [13, 12, 14, 13], "texture": "#ore", "cullface": "east"}, "east": {"uv": [13, 12, 14, 13], "texture": "#ore", "cullface": "east"}, "south": {"uv": [13, 12, 14, 13], "texture": "#ore", "cullface": "east"}, "up": {"uv": [13, 12, 14, 13], "rotation": 90, "texture": "#ore", "cullface": "east"}, "down": {"uv": [13, 12, 14, 13], "rotation": 270, "texture": "#ore", "cullface": "east"}}}, {"from": [15.99, 5, 3], "to": [16.49, 8, 4], "rotation": {"angle": 0, "axis": "y", "origin": [7.5, 8, 8]}, "faces": {"north": {"uv": [12, 8, 13, 11], "texture": "#ore", "cullface": "east"}, "east": {"uv": [12, 8, 13, 11], "texture": "#ore", "cullface": "east"}, "south": {"uv": [12, 8, 13, 11], "texture": "#ore", "cullface": "east"}, "up": {"uv": [12, 8, 13, 9], "rotation": 90, "texture": "#ore", "cullface": "east"}, "down": {"uv": [12, 10, 13, 11], "rotation": 270, "texture": "#ore", "cullface": "east"}}}, {"from": [15.99, 6, 2], "to": [16.49, 9, 3], "rotation": {"angle": 0, "axis": "y", "origin": [7.5, 8, 8]}, "faces": {"north": {"uv": [13, 7, 14, 10], "texture": "#ore", "cullface": "east"}, "east": {"uv": [13, 7, 14, 10], "texture": "#ore", "cullface": "east"}, "south": {"uv": [13, 7, 14, 10], "texture": "#ore", "cullface": "east"}, "up": {"uv": [13, 7, 14, 8], "rotation": 90, "texture": "#ore", "cullface": "east"}, "down": {"uv": [13, 9, 14, 10], "rotation": 270, "texture": "#ore", "cullface": "east"}}}, {"from": [15.99, 6, 1], "to": [16.49, 10, 2], "rotation": {"angle": 0, "axis": "y", "origin": [7.5, 8, 8]}, "faces": {"north": {"uv": [14, 6, 15, 10], "texture": "#ore", "cullface": "east"}, "east": {"uv": [14, 6, 15, 10], "texture": "#ore", "cullface": "east"}, "south": {"uv": [14, 6, 15, 10], "texture": "#ore", "cullface": "east"}, "up": {"uv": [14, 6, 15, 7], "rotation": 90, "texture": "#ore", "cullface": "east"}, "down": {"uv": [14, 9, 15, 10], "rotation": 270, "texture": "#ore", "cullface": "east"}}}, {"from": [7, 13, 15.99], "to": [10, 14, 16.49], "rotation": {"angle": 0, "axis": "y", "origin": [8, 8, 7.5]}, "faces": {"east": {"uv": [9, 2, 10, 3], "texture": "#ore", "cullface": "south"}, "south": {"uv": [7, 2, 10, 3], "texture": "#ore", "cullface": "south"}, "west": {"uv": [7, 2, 8, 3], "texture": "#ore", "cullface": "south"}, "up": {"uv": [7, 2, 10, 3], "texture": "#ore", "cullface": "south"}, "down": {"uv": [7, 2, 10, 3], "texture": "#ore", "cullface": "south"}}}, {"from": [5, 12, 15.99], "to": [9, 13, 16.49], "rotation": {"angle": 0, "axis": "y", "origin": [8, 8, 7.5]}, "faces": {"east": {"uv": [8, 3, 9, 4], "texture": "#ore", "cullface": "south"}, "south": {"uv": [5, 3, 9, 4], "texture": "#ore", "cullface": "south"}, "west": {"uv": [5, 3, 6, 4], "texture": "#ore", "cullface": "south"}, "up": {"uv": [5, 3, 9, 4], "texture": "#ore", "cullface": "south"}, "down": {"uv": [5, 3, 9, 4], "texture": "#ore", "cullface": "south"}}}, {"from": [4, 11, 15.99], "to": [7, 12, 16.49], "rotation": {"angle": 0, "axis": "y", "origin": [8, 8, 7.5]}, "faces": {"east": {"uv": [6, 4, 7, 5], "texture": "#ore", "cullface": "south"}, "south": {"uv": [4, 4, 7, 5], "texture": "#ore", "cullface": "south"}, "west": {"uv": [4, 4, 5, 5], "texture": "#ore", "cullface": "south"}, "up": {"uv": [4, 4, 7, 5], "texture": "#ore", "cullface": "south"}, "down": {"uv": [4, 4, 7, 5], "texture": "#ore", "cullface": "south"}}}, {"from": [3, 10, 15.99], "to": [6, 11, 16.49], "rotation": {"angle": 0, "axis": "y", "origin": [8, 8, 7.5]}, "faces": {"east": {"uv": [5, 5, 6, 6], "texture": "#ore", "cullface": "south"}, "south": {"uv": [3, 5, 6, 6], "texture": "#ore", "cullface": "south"}, "west": {"uv": [3, 5, 4, 6], "texture": "#ore", "cullface": "south"}, "up": {"uv": [3, 5, 6, 6], "texture": "#ore", "cullface": "south"}, "down": {"uv": [3, 5, 6, 6], "texture": "#ore", "cullface": "south"}}}, {"from": [4, 9, 15.99], "to": [5, 10, 16.49], "rotation": {"angle": 0, "axis": "y", "origin": [8, 8, 7.5]}, "faces": {"east": {"uv": [4, 6, 5, 7], "texture": "#ore", "cullface": "south"}, "south": {"uv": [4, 6, 5, 7], "texture": "#ore", "cullface": "south"}, "west": {"uv": [4, 6, 5, 7], "texture": "#ore", "cullface": "south"}, "up": {"uv": [4, 6, 5, 7], "rotation": 180, "texture": "#ore", "cullface": "south"}, "down": {"uv": [4, 6, 5, 7], "rotation": 180, "texture": "#ore", "cullface": "south"}}}, {"from": [9, 9, 15.99], "to": [11, 11, 16.49], "rotation": {"angle": 0, "axis": "y", "origin": [8, 8, 7.5]}, "faces": {"east": {"uv": [10, 5, 11, 7], "texture": "#ore", "cullface": "south"}, "south": {"uv": [9, 5, 11, 7], "texture": "#ore", "cullface": "south"}, "west": {"uv": [9, 5, 10, 7], "texture": "#ore", "cullface": "south"}, "up": {"uv": [9, 5, 11, 6], "texture": "#ore", "cullface": "south"}, "down": {"uv": [9, 6, 11, 7], "texture": "#ore", "cullface": "south"}}}, {"from": [11, 10, 15.99], "to": [12, 11, 16.49], "rotation": {"angle": 0, "axis": "y", "origin": [8, 8, 7.5]}, "faces": {"east": {"uv": [11, 5, 12, 6], "texture": "#ore", "cullface": "south"}, "south": {"uv": [11, 5, 12, 6], "texture": "#ore", "cullface": "south"}, "west": {"uv": [11, 5, 12, 6], "texture": "#ore", "cullface": "south"}, "up": {"uv": [11, 5, 12, 6], "rotation": 180, "texture": "#ore", "cullface": "south"}, "down": {"uv": [11, 5, 12, 6], "rotation": 180, "texture": "#ore", "cullface": "south"}}}, {"from": [7, 8, 15.99], "to": [8, 10, 16.49], "rotation": {"angle": 0, "axis": "y", "origin": [8, 8, 7.5]}, "faces": {"east": {"uv": [7, 6, 8, 8], "texture": "#ore", "cullface": "south"}, "south": {"uv": [7, 6, 8, 8], "texture": "#ore", "cullface": "south"}, "west": {"uv": [7, 6, 8, 8], "texture": "#ore", "cullface": "south"}, "up": {"uv": [7, 6, 8, 7], "rotation": 180, "texture": "#ore", "cullface": "south"}, "down": {"uv": [7, 7, 8, 8], "rotation": 180, "texture": "#ore", "cullface": "south"}}}, {"from": [8, 8, 15.99], "to": [9, 11, 16.49], "rotation": {"angle": 0, "axis": "y", "origin": [8, 8, 7.5]}, "faces": {"east": {"uv": [8, 5, 9, 8], "texture": "#ore", "cullface": "south"}, "south": {"uv": [8, 5, 9, 8], "texture": "#ore", "cullface": "south"}, "west": {"uv": [8, 5, 9, 8], "texture": "#ore", "cullface": "south"}, "up": {"uv": [8, 5, 9, 6], "rotation": 180, "texture": "#ore", "cullface": "south"}, "down": {"uv": [8, 7, 9, 8], "rotation": 180, "texture": "#ore", "cullface": "south"}}}, {"from": [6, 7, 15.99], "to": [7, 10, 16.49], "rotation": {"angle": 0, "axis": "y", "origin": [8, 8, 7.5]}, "faces": {"east": {"uv": [6, 6, 7, 9], "texture": "#ore", "cullface": "south"}, "south": {"uv": [6, 6, 7, 9], "texture": "#ore", "cullface": "south"}, "west": {"uv": [6, 6, 7, 9], "texture": "#ore", "cullface": "south"}, "up": {"uv": [6, 6, 7, 7], "rotation": 180, "texture": "#ore", "cullface": "south"}, "down": {"uv": [6, 8, 7, 9], "rotation": 180, "texture": "#ore", "cullface": "south"}}}, {"from": [5, 5, 15.99], "to": [6, 9, 16.49], "rotation": {"angle": 0, "axis": "y", "origin": [8, 8, 7.5]}, "faces": {"east": {"uv": [5, 7, 6, 11], "texture": "#ore", "cullface": "south"}, "south": {"uv": [5, 7, 6, 11], "texture": "#ore", "cullface": "south"}, "west": {"uv": [5, 7, 6, 11], "texture": "#ore", "cullface": "south"}, "up": {"uv": [5, 7, 6, 8], "rotation": 180, "texture": "#ore", "cullface": "south"}, "down": {"uv": [5, 10, 6, 11], "rotation": 180, "texture": "#ore", "cullface": "south"}}}, {"from": [4, 4, 15.99], "to": [5, 8, 16.49], "rotation": {"angle": 0, "axis": "y", "origin": [8, 8, 7.5]}, "faces": {"east": {"uv": [4, 8, 5, 12], "texture": "#ore", "cullface": "south"}, "south": {"uv": [4, 8, 5, 12], "texture": "#ore", "cullface": "south"}, "west": {"uv": [4, 8, 5, 12], "texture": "#ore", "cullface": "south"}, "up": {"uv": [4, 8, 5, 9], "rotation": 180, "texture": "#ore", "cullface": "south"}, "down": {"uv": [4, 11, 5, 12], "rotation": 180, "texture": "#ore", "cullface": "south"}}}, {"from": [3, 4, 15.99], "to": [4, 6, 16.49], "rotation": {"angle": 0, "axis": "y", "origin": [8, 8, 7.5]}, "faces": {"east": {"uv": [3, 10, 4, 12], "texture": "#ore", "cullface": "south"}, "south": {"uv": [3, 10, 4, 12], "texture": "#ore", "cullface": "south"}, "west": {"uv": [3, 10, 4, 12], "texture": "#ore", "cullface": "south"}, "up": {"uv": [3, 10, 4, 11], "rotation": 180, "texture": "#ore", "cullface": "south"}, "down": {"uv": [3, 11, 4, 12], "rotation": 180, "texture": "#ore", "cullface": "south"}}}, {"from": [9, 3, 15.99], "to": [10, 6, 16.49], "rotation": {"angle": 0, "axis": "y", "origin": [8, 8, 7.5]}, "faces": {"east": {"uv": [9, 10, 10, 13], "texture": "#ore", "cullface": "south"}, "south": {"uv": [9, 10, 10, 13], "texture": "#ore", "cullface": "south"}, "west": {"uv": [9, 10, 10, 13], "texture": "#ore", "cullface": "south"}, "up": {"uv": [9, 10, 10, 11], "rotation": 180, "texture": "#ore", "cullface": "south"}, "down": {"uv": [9, 12, 10, 13], "rotation": 180, "texture": "#ore", "cullface": "south"}}}, {"from": [8, 1, 15.99], "to": [9, 5, 16.49], "rotation": {"angle": 0, "axis": "y", "origin": [8, 8, 7.5]}, "faces": {"east": {"uv": [8, 11, 9, 15], "texture": "#ore", "cullface": "south"}, "south": {"uv": [8, 11, 9, 15], "texture": "#ore", "cullface": "south"}, "west": {"uv": [8, 11, 9, 15], "texture": "#ore", "cullface": "south"}, "up": {"uv": [8, 11, 9, 12], "rotation": 180, "texture": "#ore", "cullface": "south"}, "down": {"uv": [8, 14, 9, 15], "rotation": 180, "texture": "#ore", "cullface": "south"}}}, {"from": [7, 2, 15.99], "to": [8, 4, 16.49], "rotation": {"angle": 0, "axis": "y", "origin": [8, 8, 7.5]}, "faces": {"east": {"uv": [7, 12, 8, 14], "texture": "#ore", "cullface": "south"}, "south": {"uv": [7, 12, 8, 14], "texture": "#ore", "cullface": "south"}, "west": {"uv": [7, 12, 8, 14], "texture": "#ore", "cullface": "south"}, "up": {"uv": [7, 12, 8, 13], "rotation": 180, "texture": "#ore", "cullface": "south"}, "down": {"uv": [7, 13, 8, 14], "rotation": 180, "texture": "#ore", "cullface": "south"}}}, {"from": [11, 2, 15.99], "to": [13, 3, 16.49], "rotation": {"angle": 0, "axis": "y", "origin": [8, 8, 7.5]}, "faces": {"east": {"uv": [12, 13, 13, 14], "texture": "#ore", "cullface": "south"}, "south": {"uv": [11, 13, 13, 14], "texture": "#ore", "cullface": "south"}, "west": {"uv": [11, 13, 12, 14], "texture": "#ore", "cullface": "south"}, "up": {"uv": [11, 13, 13, 14], "rotation": 180, "texture": "#ore", "cullface": "south"}, "down": {"uv": [11, 13, 13, 14], "rotation": 180, "texture": "#ore", "cullface": "south"}}}, {"from": [13, 3, 15.99], "to": [14, 4, 16.49], "rotation": {"angle": 0, "axis": "y", "origin": [8, 8, 7.5]}, "faces": {"east": {"uv": [13, 12, 14, 13], "texture": "#ore", "cullface": "south"}, "south": {"uv": [13, 12, 14, 13], "texture": "#ore", "cullface": "south"}, "west": {"uv": [13, 12, 14, 13], "texture": "#ore", "cullface": "south"}, "up": {"uv": [13, 12, 14, 13], "rotation": 180, "texture": "#ore", "cullface": "south"}, "down": {"uv": [13, 12, 14, 13], "rotation": 180, "texture": "#ore", "cullface": "south"}}}, {"from": [12, 5, 15.99], "to": [13, 8, 16.49], "rotation": {"angle": 0, "axis": "y", "origin": [8, 8, 7.5]}, "faces": {"east": {"uv": [12, 8, 13, 11], "texture": "#ore", "cullface": "south"}, "south": {"uv": [12, 8, 13, 11], "texture": "#ore", "cullface": "south"}, "west": {"uv": [12, 8, 13, 11], "texture": "#ore", "cullface": "south"}, "up": {"uv": [12, 8, 13, 9], "rotation": 180, "texture": "#ore", "cullface": "south"}, "down": {"uv": [12, 10, 13, 11], "rotation": 180, "texture": "#ore", "cullface": "south"}}}, {"from": [13, 6, 15.99], "to": [14, 9, 16.49], "rotation": {"angle": 0, "axis": "y", "origin": [8, 8, 7.5]}, "faces": {"east": {"uv": [13, 7, 14, 10], "texture": "#ore", "cullface": "south"}, "south": {"uv": [13, 7, 14, 10], "texture": "#ore", "cullface": "south"}, "west": {"uv": [13, 7, 14, 10], "texture": "#ore", "cullface": "south"}, "up": {"uv": [13, 7, 14, 8], "rotation": 180, "texture": "#ore", "cullface": "south"}, "down": {"uv": [13, 9, 14, 10], "rotation": 180, "texture": "#ore", "cullface": "south"}}}, {"from": [14, 6, 15.99], "to": [15, 10, 16.49], "rotation": {"angle": 0, "axis": "y", "origin": [8, 8, 7.5]}, "faces": {"east": {"uv": [14, 6, 15, 10], "texture": "#ore", "cullface": "south"}, "south": {"uv": [14, 6, 15, 10], "texture": "#ore", "cullface": "south"}, "west": {"uv": [14, 6, 15, 10], "texture": "#ore", "cullface": "south"}, "up": {"uv": [14, 6, 15, 7], "rotation": 180, "texture": "#ore", "cullface": "south"}, "down": {"uv": [14, 9, 15, 10], "rotation": 180, "texture": "#ore", "cullface": "south"}}}, {"from": [-0.49, 13, 7], "to": [0.01, 14, 10], "rotation": {"angle": 0, "axis": "y", "origin": [8.5, 8, 8]}, "faces": {"north": {"uv": [7, 2, 8, 3], "texture": "#ore", "cullface": "west"}, "south": {"uv": [9, 2, 10, 3], "texture": "#ore", "cullface": "west"}, "west": {"uv": [7, 2, 10, 3], "texture": "#ore", "cullface": "west"}, "up": {"uv": [7, 2, 10, 3], "rotation": 90, "texture": "#ore", "cullface": "west"}, "down": {"uv": [7, 2, 10, 3], "rotation": 270, "texture": "#ore", "cullface": "west"}}}, {"from": [-0.49, 12, 5], "to": [0.01, 13, 9], "rotation": {"angle": 0, "axis": "y", "origin": [8.5, 8, 8]}, "faces": {"north": {"uv": [5, 3, 6, 4], "texture": "#ore", "cullface": "west"}, "south": {"uv": [8, 3, 9, 4], "texture": "#ore", "cullface": "west"}, "west": {"uv": [5, 3, 9, 4], "texture": "#ore", "cullface": "west"}, "up": {"uv": [5, 3, 9, 4], "rotation": 90, "texture": "#ore", "cullface": "west"}, "down": {"uv": [5, 3, 9, 4], "rotation": 270, "texture": "#ore", "cullface": "west"}}}, {"from": [-0.49, 11, 4], "to": [0.01, 12, 7], "rotation": {"angle": 0, "axis": "y", "origin": [8.5, 8, 8]}, "faces": {"north": {"uv": [4, 4, 5, 5], "texture": "#ore", "cullface": "west"}, "south": {"uv": [6, 4, 7, 5], "texture": "#ore", "cullface": "west"}, "west": {"uv": [4, 4, 7, 5], "texture": "#ore", "cullface": "west"}, "up": {"uv": [4, 4, 7, 5], "rotation": 90, "texture": "#ore", "cullface": "west"}, "down": {"uv": [4, 4, 7, 5], "rotation": 270, "texture": "#ore", "cullface": "west"}}}, {"from": [-0.49, 10, 3], "to": [0.01, 11, 6], "rotation": {"angle": 0, "axis": "y", "origin": [8.5, 8, 8]}, "faces": {"north": {"uv": [3, 5, 4, 6], "texture": "#ore", "cullface": "west"}, "south": {"uv": [5, 5, 6, 6], "texture": "#ore", "cullface": "west"}, "west": {"uv": [3, 5, 6, 6], "texture": "#ore", "cullface": "west"}, "up": {"uv": [3, 5, 6, 6], "rotation": 90, "texture": "#ore", "cullface": "west"}, "down": {"uv": [3, 5, 6, 6], "rotation": 270, "texture": "#ore", "cullface": "west"}}}, {"from": [-0.49, 9, 4], "to": [0.01, 10, 5], "rotation": {"angle": 0, "axis": "y", "origin": [8.5, 8, 8]}, "faces": {"north": {"uv": [4, 6, 5, 7], "texture": "#ore", "cullface": "west"}, "south": {"uv": [4, 6, 5, 7], "texture": "#ore", "cullface": "west"}, "west": {"uv": [4, 6, 5, 7], "texture": "#ore", "cullface": "west"}, "up": {"uv": [4, 6, 5, 7], "rotation": 270, "texture": "#ore", "cullface": "west"}, "down": {"uv": [4, 6, 5, 7], "rotation": 90, "texture": "#ore", "cullface": "west"}}}, {"from": [-0.49, 10, 11], "to": [0.01, 11, 12], "rotation": {"angle": 0, "axis": "y", "origin": [8.5, 8, 8]}, "faces": {"north": {"uv": [11, 5, 12, 6], "texture": "#ore", "cullface": "west"}, "south": {"uv": [11, 5, 12, 6], "texture": "#ore", "cullface": "west"}, "west": {"uv": [11, 5, 12, 6], "texture": "#ore", "cullface": "west"}, "up": {"uv": [11, 5, 12, 6], "rotation": 270, "texture": "#ore", "cullface": "west"}, "down": {"uv": [11, 5, 12, 6], "rotation": 90, "texture": "#ore", "cullface": "west"}}}, {"from": [-0.49, 9, 9], "to": [0.01, 11, 11], "rotation": {"angle": 0, "axis": "y", "origin": [8.5, 8, 8]}, "faces": {"north": {"uv": [9, 5, 10, 7], "texture": "#ore", "cullface": "west"}, "south": {"uv": [10, 5, 11, 7], "texture": "#ore", "cullface": "west"}, "west": {"uv": [9, 5, 11, 7], "texture": "#ore", "cullface": "west"}, "up": {"uv": [9, 5, 11, 6], "rotation": 90, "texture": "#ore", "cullface": "west"}, "down": {"uv": [9, 6, 11, 7], "rotation": 270, "texture": "#ore", "cullface": "west"}}}, {"from": [-0.49, 8, 8], "to": [0.01, 11, 9], "rotation": {"angle": 0, "axis": "y", "origin": [8.5, 8, 8]}, "faces": {"north": {"uv": [8, 5, 9, 8], "texture": "#ore", "cullface": "west"}, "south": {"uv": [8, 5, 9, 8], "texture": "#ore", "cullface": "west"}, "west": {"uv": [8, 5, 9, 8], "texture": "#ore", "cullface": "west"}, "up": {"uv": [8, 5, 9, 6], "rotation": 270, "texture": "#ore", "cullface": "west"}, "down": {"uv": [8, 7, 9, 8], "rotation": 90, "texture": "#ore", "cullface": "west"}}}, {"from": [-0.49, 8, 7], "to": [0.01, 10, 8], "rotation": {"angle": 0, "axis": "y", "origin": [8.5, 8, 8]}, "faces": {"north": {"uv": [7, 6, 8, 8], "texture": "#ore", "cullface": "west"}, "south": {"uv": [7, 6, 8, 8], "texture": "#ore", "cullface": "west"}, "west": {"uv": [7, 6, 8, 8], "texture": "#ore", "cullface": "west"}, "up": {"uv": [7, 6, 8, 7], "rotation": 270, "texture": "#ore", "cullface": "west"}, "down": {"uv": [7, 7, 8, 8], "rotation": 90, "texture": "#ore", "cullface": "west"}}}, {"from": [-0.49, 7, 6], "to": [0.01, 10, 7], "rotation": {"angle": 0, "axis": "y", "origin": [8.5, 8, 8]}, "faces": {"north": {"uv": [6, 6, 7, 9], "texture": "#ore", "cullface": "west"}, "south": {"uv": [6, 6, 7, 9], "texture": "#ore", "cullface": "west"}, "west": {"uv": [6, 6, 7, 9], "texture": "#ore", "cullface": "west"}, "up": {"uv": [6, 6, 7, 7], "rotation": 270, "texture": "#ore", "cullface": "west"}, "down": {"uv": [6, 8, 7, 9], "rotation": 90, "texture": "#ore", "cullface": "west"}}}, {"from": [-0.49, 5, 5], "to": [0.01, 9, 6], "rotation": {"angle": 0, "axis": "y", "origin": [8.5, 8, 8]}, "faces": {"north": {"uv": [5, 7, 6, 11], "texture": "#ore", "cullface": "west"}, "south": {"uv": [5, 7, 6, 11], "texture": "#ore", "cullface": "west"}, "west": {"uv": [5, 7, 6, 11], "texture": "#ore", "cullface": "west"}, "up": {"uv": [5, 7, 6, 8], "rotation": 270, "texture": "#ore", "cullface": "west"}, "down": {"uv": [5, 10, 6, 11], "rotation": 90, "texture": "#ore", "cullface": "west"}}}, {"from": [-0.49, 4, 4], "to": [0.01, 8, 5], "rotation": {"angle": 0, "axis": "y", "origin": [8.5, 8, 8]}, "faces": {"north": {"uv": [4, 8, 5, 12], "texture": "#ore", "cullface": "west"}, "south": {"uv": [4, 8, 5, 12], "texture": "#ore", "cullface": "west"}, "west": {"uv": [4, 8, 5, 12], "texture": "#ore", "cullface": "west"}, "up": {"uv": [4, 8, 5, 9], "rotation": 270, "texture": "#ore", "cullface": "west"}, "down": {"uv": [4, 11, 5, 12], "rotation": 90, "texture": "#ore", "cullface": "west"}}}, {"from": [-0.49, 4, 3], "to": [0.01, 6, 4], "rotation": {"angle": 0, "axis": "y", "origin": [8.5, 8, 8]}, "faces": {"north": {"uv": [3, 10, 4, 12], "texture": "#ore", "cullface": "west"}, "south": {"uv": [3, 10, 4, 12], "texture": "#ore", "cullface": "west"}, "west": {"uv": [3, 10, 4, 12], "texture": "#ore", "cullface": "west"}, "up": {"uv": [3, 10, 4, 11], "rotation": 270, "texture": "#ore", "cullface": "west"}, "down": {"uv": [3, 11, 4, 12], "rotation": 90, "texture": "#ore", "cullface": "west"}}}, {"from": [-0.49, 2, 7], "to": [0.01, 4, 8], "rotation": {"angle": 0, "axis": "y", "origin": [8.5, 8, 8]}, "faces": {"north": {"uv": [7, 12, 8, 14], "texture": "#ore", "cullface": "west"}, "south": {"uv": [7, 12, 8, 14], "texture": "#ore", "cullface": "west"}, "west": {"uv": [7, 12, 8, 14], "texture": "#ore", "cullface": "west"}, "up": {"uv": [7, 12, 8, 13], "rotation": 270, "texture": "#ore", "cullface": "west"}, "down": {"uv": [7, 13, 8, 14], "rotation": 90, "texture": "#ore", "cullface": "west"}}}, {"from": [-0.49, 1, 8], "to": [0.01, 5, 9], "rotation": {"angle": 0, "axis": "y", "origin": [8.5, 8, 8]}, "faces": {"north": {"uv": [8, 11, 9, 15], "texture": "#ore", "cullface": "west"}, "south": {"uv": [8, 11, 9, 15], "texture": "#ore", "cullface": "west"}, "west": {"uv": [8, 11, 9, 15], "texture": "#ore", "cullface": "west"}, "up": {"uv": [8, 11, 9, 12], "rotation": 270, "texture": "#ore", "cullface": "west"}, "down": {"uv": [8, 14, 9, 15], "rotation": 90, "texture": "#ore", "cullface": "west"}}}, {"from": [-0.49, 3, 9], "to": [0.01, 6, 10], "rotation": {"angle": 0, "axis": "y", "origin": [8.5, 8, 8]}, "faces": {"north": {"uv": [9, 10, 10, 13], "texture": "#ore", "cullface": "west"}, "south": {"uv": [9, 10, 10, 13], "texture": "#ore", "cullface": "west"}, "west": {"uv": [9, 10, 10, 13], "texture": "#ore", "cullface": "west"}, "up": {"uv": [9, 10, 10, 11], "rotation": 270, "texture": "#ore", "cullface": "west"}, "down": {"uv": [9, 12, 10, 13], "rotation": 90, "texture": "#ore", "cullface": "west"}}}, {"from": [-0.49, 2, 11], "to": [0.01, 3, 13], "rotation": {"angle": 0, "axis": "y", "origin": [8.5, 8, 8]}, "faces": {"north": {"uv": [11, 13, 12, 14], "texture": "#ore", "cullface": "west"}, "south": {"uv": [12, 13, 13, 14], "texture": "#ore", "cullface": "west"}, "west": {"uv": [11, 13, 13, 14], "texture": "#ore", "cullface": "west"}, "up": {"uv": [11, 13, 13, 14], "rotation": 270, "texture": "#ore", "cullface": "west"}, "down": {"uv": [11, 13, 13, 14], "rotation": 90, "texture": "#ore", "cullface": "west"}}}, {"from": [-0.49, 3, 13], "to": [0.01, 4, 14], "rotation": {"angle": 0, "axis": "y", "origin": [8.5, 8, 8]}, "faces": {"north": {"uv": [13, 12, 14, 13], "texture": "#ore", "cullface": "west"}, "south": {"uv": [13, 12, 14, 13], "texture": "#ore", "cullface": "west"}, "west": {"uv": [13, 12, 14, 13], "texture": "#ore", "cullface": "west"}, "up": {"uv": [13, 12, 14, 13], "rotation": 270, "texture": "#ore", "cullface": "west"}, "down": {"uv": [13, 12, 14, 13], "rotation": 90, "texture": "#ore", "cullface": "west"}}}, {"from": [-0.49, 5, 12], "to": [0.01, 8, 13], "rotation": {"angle": 0, "axis": "y", "origin": [8.5, 8, 8]}, "faces": {"north": {"uv": [12, 8, 13, 11], "texture": "#ore", "cullface": "west"}, "south": {"uv": [12, 8, 13, 11], "texture": "#ore", "cullface": "west"}, "west": {"uv": [12, 8, 13, 11], "texture": "#ore", "cullface": "west"}, "up": {"uv": [12, 8, 13, 9], "rotation": 270, "texture": "#ore", "cullface": "west"}, "down": {"uv": [12, 10, 13, 11], "rotation": 90, "texture": "#ore", "cullface": "west"}}}, {"from": [-0.49, 6, 13], "to": [0.01, 9, 14], "rotation": {"angle": 0, "axis": "y", "origin": [8.5, 8, 8]}, "faces": {"north": {"uv": [13, 7, 14, 10], "texture": "#ore", "cullface": "west"}, "south": {"uv": [13, 7, 14, 10], "texture": "#ore", "cullface": "west"}, "west": {"uv": [13, 7, 14, 10], "texture": "#ore", "cullface": "west"}, "up": {"uv": [13, 7, 14, 8], "rotation": 270, "texture": "#ore", "cullface": "west"}, "down": {"uv": [13, 9, 14, 10], "rotation": 90, "texture": "#ore", "cullface": "west"}}}, {"from": [-0.49, 6, 14], "to": [0.01, 10, 15], "rotation": {"angle": 0, "axis": "y", "origin": [8.5, 8, 8]}, "faces": {"north": {"uv": [14, 6, 15, 10], "texture": "#ore", "cullface": "west"}, "south": {"uv": [14, 6, 15, 10], "texture": "#ore", "cullface": "west"}, "west": {"uv": [14, 6, 15, 10], "texture": "#ore", "cullface": "west"}, "up": {"uv": [14, 6, 15, 7], "rotation": 270, "texture": "#ore", "cullface": "west"}, "down": {"uv": [14, 9, 15, 10], "rotation": 90, "texture": "#ore", "cullface": "west"}}}, {"from": [13, 15.99, 12], "to": [14, 16.49, 13], "rotation": {"angle": 0, "axis": "y", "origin": [8, 7.5, 8]}, "faces": {"north": {"uv": [13, 12, 14, 13], "texture": "#ore", "cullface": "up"}, "east": {"uv": [13, 12, 14, 13], "rotation": 90, "texture": "#ore", "cullface": "up"}, "south": {"uv": [13, 12, 14, 13], "rotation": 180, "texture": "#ore", "cullface": "up"}, "west": {"uv": [13, 12, 14, 13], "rotation": 270, "texture": "#ore", "cullface": "up"}, "up": {"uv": [13, 12, 14, 13], "texture": "#ore", "cullface": "up"}}}, {"from": [11, 15.99, 13], "to": [13, 16.49, 14], "rotation": {"angle": 0, "axis": "y", "origin": [8, 7.5, 8]}, "faces": {"north": {"uv": [11, 13, 13, 14], "texture": "#ore", "cullface": "up"}, "east": {"uv": [12, 13, 13, 14], "rotation": 90, "texture": "#ore", "cullface": "up"}, "south": {"uv": [11, 13, 13, 14], "rotation": 180, "texture": "#ore", "cullface": "up"}, "west": {"uv": [11, 13, 12, 14], "rotation": 270, "texture": "#ore", "cullface": "up"}, "up": {"uv": [11, 13, 13, 14], "texture": "#ore", "cullface": "up"}}}, {"from": [9, 15.99, 10], "to": [10, 16.49, 13], "rotation": {"angle": 0, "axis": "y", "origin": [8, 7.5, 8]}, "faces": {"north": {"uv": [9, 10, 10, 11], "texture": "#ore", "cullface": "up"}, "east": {"uv": [9, 10, 10, 13], "rotation": 90, "texture": "#ore", "cullface": "up"}, "south": {"uv": [9, 12, 10, 13], "rotation": 180, "texture": "#ore", "cullface": "up"}, "west": {"uv": [9, 10, 10, 13], "rotation": 270, "texture": "#ore", "cullface": "up"}, "up": {"uv": [9, 10, 10, 13], "texture": "#ore", "cullface": "up"}}}, {"from": [8, 15.99, 11], "to": [9, 16.49, 15], "rotation": {"angle": 0, "axis": "y", "origin": [8, 7.5, 8]}, "faces": {"north": {"uv": [8, 11, 9, 12], "texture": "#ore", "cullface": "up"}, "east": {"uv": [8, 11, 9, 15], "rotation": 90, "texture": "#ore", "cullface": "up"}, "south": {"uv": [8, 14, 9, 15], "rotation": 180, "texture": "#ore", "cullface": "up"}, "west": {"uv": [8, 11, 9, 15], "rotation": 270, "texture": "#ore", "cullface": "up"}, "up": {"uv": [8, 11, 9, 15], "texture": "#ore", "cullface": "up"}}}, {"from": [7, 15.99, 12], "to": [8, 16.49, 14], "rotation": {"angle": 0, "axis": "y", "origin": [8, 7.5, 8]}, "faces": {"north": {"uv": [7, 12, 8, 13], "texture": "#ore", "cullface": "up"}, "east": {"uv": [7, 12, 8, 14], "rotation": 90, "texture": "#ore", "cullface": "up"}, "south": {"uv": [7, 13, 8, 14], "rotation": 180, "texture": "#ore", "cullface": "up"}, "west": {"uv": [7, 12, 8, 14], "rotation": 270, "texture": "#ore", "cullface": "up"}, "up": {"uv": [7, 12, 8, 14], "texture": "#ore", "cullface": "up"}}}, {"from": [3, 15.99, 10], "to": [4, 16.49, 12], "rotation": {"angle": 0, "axis": "y", "origin": [8, 7.5, 8]}, "faces": {"north": {"uv": [3, 10, 4, 11], "texture": "#ore", "cullface": "up"}, "east": {"uv": [3, 10, 4, 12], "rotation": 90, "texture": "#ore", "cullface": "up"}, "south": {"uv": [3, 11, 4, 12], "rotation": 180, "texture": "#ore", "cullface": "up"}, "west": {"uv": [3, 10, 4, 12], "rotation": 270, "texture": "#ore", "cullface": "up"}, "up": {"uv": [3, 10, 4, 12], "texture": "#ore", "cullface": "up"}}}, {"from": [4, 15.99, 8], "to": [5, 16.49, 12], "rotation": {"angle": 0, "axis": "y", "origin": [8, 7.5, 8]}, "faces": {"north": {"uv": [4, 8, 5, 9], "texture": "#ore", "cullface": "up"}, "east": {"uv": [4, 8, 5, 12], "rotation": 90, "texture": "#ore", "cullface": "up"}, "south": {"uv": [4, 11, 5, 12], "rotation": 180, "texture": "#ore", "cullface": "up"}, "west": {"uv": [4, 8, 5, 12], "rotation": 270, "texture": "#ore", "cullface": "up"}, "up": {"uv": [4, 8, 5, 12], "texture": "#ore", "cullface": "up"}}}, {"from": [5, 15.99, 7], "to": [6, 16.49, 11], "rotation": {"angle": 0, "axis": "y", "origin": [8, 7.5, 8]}, "faces": {"north": {"uv": [5, 7, 6, 8], "texture": "#ore", "cullface": "up"}, "east": {"uv": [5, 7, 6, 11], "rotation": 90, "texture": "#ore", "cullface": "up"}, "south": {"uv": [5, 10, 6, 11], "rotation": 180, "texture": "#ore", "cullface": "up"}, "west": {"uv": [5, 7, 6, 11], "rotation": 270, "texture": "#ore", "cullface": "up"}, "up": {"uv": [5, 7, 6, 11], "texture": "#ore", "cullface": "up"}}}, {"from": [6, 15.99, 6], "to": [7, 16.49, 9], "rotation": {"angle": 0, "axis": "y", "origin": [8, 7.5, 8]}, "faces": {"north": {"uv": [6, 6, 7, 7], "texture": "#ore", "cullface": "up"}, "east": {"uv": [6, 6, 7, 9], "rotation": 90, "texture": "#ore", "cullface": "up"}, "south": {"uv": [6, 8, 7, 9], "rotation": 180, "texture": "#ore", "cullface": "up"}, "west": {"uv": [6, 6, 7, 9], "rotation": 270, "texture": "#ore", "cullface": "up"}, "up": {"uv": [6, 6, 7, 9], "texture": "#ore", "cullface": "up"}}}, {"from": [7, 15.99, 6], "to": [8, 16.49, 8], "rotation": {"angle": 0, "axis": "y", "origin": [8, 7.5, 8]}, "faces": {"north": {"uv": [7, 6, 8, 7], "texture": "#ore", "cullface": "up"}, "east": {"uv": [7, 6, 8, 8], "rotation": 90, "texture": "#ore", "cullface": "up"}, "south": {"uv": [7, 7, 8, 8], "rotation": 180, "texture": "#ore", "cullface": "up"}, "west": {"uv": [7, 6, 8, 8], "rotation": 270, "texture": "#ore", "cullface": "up"}, "up": {"uv": [7, 6, 8, 8], "texture": "#ore", "cullface": "up"}}}, {"from": [8, 15.99, 5], "to": [9, 16.49, 8], "rotation": {"angle": 0, "axis": "y", "origin": [8, 7.5, 8]}, "faces": {"north": {"uv": [8, 5, 9, 6], "texture": "#ore", "cullface": "up"}, "east": {"uv": [8, 5, 9, 8], "rotation": 90, "texture": "#ore", "cullface": "up"}, "south": {"uv": [8, 7, 9, 8], "rotation": 180, "texture": "#ore", "cullface": "up"}, "west": {"uv": [8, 5, 9, 8], "rotation": 270, "texture": "#ore", "cullface": "up"}, "up": {"uv": [8, 5, 9, 8], "texture": "#ore", "cullface": "up"}}}, {"from": [9, 15.99, 5], "to": [11, 16.49, 7], "rotation": {"angle": 0, "axis": "y", "origin": [8, 7.5, 8]}, "faces": {"north": {"uv": [9, 5, 11, 6], "rotation": 180, "texture": "#ore", "cullface": "up"}, "east": {"uv": [10, 5, 11, 7], "rotation": 90, "texture": "#ore", "cullface": "up"}, "south": {"uv": [9, 6, 11, 7], "texture": "#ore", "cullface": "up"}, "west": {"uv": [9, 5, 10, 7], "rotation": 270, "texture": "#ore", "cullface": "up"}, "up": {"uv": [9, 5, 11, 7], "texture": "#ore", "cullface": "up"}}}, {"from": [11, 15.99, 5], "to": [12, 16.49, 6], "rotation": {"angle": 0, "axis": "y", "origin": [8, 7.5, 8]}, "faces": {"north": {"uv": [11, 5, 12, 6], "texture": "#ore", "cullface": "up"}, "east": {"uv": [11, 5, 12, 6], "rotation": 90, "texture": "#ore", "cullface": "up"}, "south": {"uv": [11, 5, 12, 6], "rotation": 180, "texture": "#ore", "cullface": "up"}, "west": {"uv": [11, 5, 12, 6], "rotation": 270, "texture": "#ore", "cullface": "up"}, "up": {"uv": [11, 5, 12, 6], "texture": "#ore", "cullface": "up"}}}, {"from": [12, 15.99, 8], "to": [13, 16.49, 11], "rotation": {"angle": 0, "axis": "y", "origin": [8, 7.5, 8]}, "faces": {"north": {"uv": [12, 8, 13, 9], "texture": "#ore", "cullface": "up"}, "east": {"uv": [12, 8, 13, 11], "rotation": 90, "texture": "#ore", "cullface": "up"}, "south": {"uv": [12, 10, 13, 11], "rotation": 180, "texture": "#ore", "cullface": "up"}, "west": {"uv": [12, 8, 13, 11], "rotation": 270, "texture": "#ore", "cullface": "up"}, "up": {"uv": [12, 8, 13, 11], "texture": "#ore", "cullface": "up"}}}, {"from": [13, 15.99, 7], "to": [14, 16.49, 10], "rotation": {"angle": 0, "axis": "y", "origin": [8, 7.5, 8]}, "faces": {"north": {"uv": [13, 7, 14, 8], "texture": "#ore", "cullface": "up"}, "east": {"uv": [13, 7, 14, 10], "rotation": 90, "texture": "#ore", "cullface": "up"}, "south": {"uv": [13, 9, 14, 10], "rotation": 180, "texture": "#ore", "cullface": "up"}, "west": {"uv": [13, 7, 14, 10], "rotation": 270, "texture": "#ore", "cullface": "up"}, "up": {"uv": [13, 7, 14, 10], "texture": "#ore", "cullface": "up"}}}, {"from": [14, 15.99, 6], "to": [15, 16.49, 10], "rotation": {"angle": 0, "axis": "y", "origin": [8, 7.5, 8]}, "faces": {"north": {"uv": [14, 6, 15, 7], "texture": "#ore", "cullface": "up"}, "east": {"uv": [14, 6, 15, 10], "rotation": 90, "texture": "#ore", "cullface": "up"}, "south": {"uv": [14, 9, 15, 10], "rotation": 180, "texture": "#ore", "cullface": "up"}, "west": {"uv": [14, 6, 15, 10], "rotation": 270, "texture": "#ore", "cullface": "up"}, "up": {"uv": [14, 6, 15, 10], "texture": "#ore", "cullface": "up"}}}, {"from": [7, 15.99, 2], "to": [10, 16.49, 3], "rotation": {"angle": 0, "axis": "y", "origin": [8, 7.5, 8]}, "faces": {"north": {"uv": [7, 2, 10, 3], "rotation": 180, "texture": "#ore", "cullface": "up"}, "east": {"uv": [9, 2, 10, 3], "rotation": 90, "texture": "#ore", "cullface": "up"}, "south": {"uv": [7, 2, 10, 3], "texture": "#ore", "cullface": "up"}, "west": {"uv": [7, 2, 8, 3], "rotation": 270, "texture": "#ore", "cullface": "up"}, "up": {"uv": [7, 2, 10, 3], "texture": "#ore", "cullface": "up"}}}, {"from": [5, 15.99, 3], "to": [9, 16.49, 4], "rotation": {"angle": 0, "axis": "y", "origin": [8, 7.5, 8]}, "faces": {"north": {"uv": [5, 3, 9, 4], "rotation": 180, "texture": "#ore", "cullface": "up"}, "east": {"uv": [8, 3, 9, 4], "rotation": 90, "texture": "#ore", "cullface": "up"}, "south": {"uv": [5, 3, 9, 4], "texture": "#ore", "cullface": "up"}, "west": {"uv": [5, 3, 6, 4], "rotation": 270, "texture": "#ore", "cullface": "up"}, "up": {"uv": [5, 3, 9, 4], "texture": "#ore", "cullface": "up"}}}, {"from": [4, 15.99, 4], "to": [7, 16.49, 5], "rotation": {"angle": 0, "axis": "y", "origin": [8, 7.5, 8]}, "faces": {"north": {"uv": [4, 4, 7, 5], "rotation": 180, "texture": "#ore", "cullface": "up"}, "east": {"uv": [6, 4, 7, 5], "rotation": 90, "texture": "#ore", "cullface": "up"}, "south": {"uv": [4, 4, 7, 5], "texture": "#ore", "cullface": "up"}, "west": {"uv": [4, 4, 5, 5], "rotation": 270, "texture": "#ore", "cullface": "up"}, "up": {"uv": [4, 4, 7, 5], "texture": "#ore", "cullface": "up"}}}, {"from": [3, 15.99, 5], "to": [6, 16.49, 6], "rotation": {"angle": 0, "axis": "y", "origin": [8, 7.5, 8]}, "faces": {"north": {"uv": [3, 5, 6, 6], "rotation": 180, "texture": "#ore", "cullface": "up"}, "east": {"uv": [5, 5, 6, 6], "rotation": 90, "texture": "#ore", "cullface": "up"}, "south": {"uv": [3, 5, 6, 6], "texture": "#ore", "cullface": "up"}, "west": {"uv": [3, 5, 4, 6], "rotation": 270, "texture": "#ore", "cullface": "up"}, "up": {"uv": [3, 5, 6, 6], "texture": "#ore", "cullface": "up"}}}, {"from": [4, 15.99, 6], "to": [5, 16.49, 7], "rotation": {"angle": 0, "axis": "y", "origin": [8, 7.5, 8]}, "faces": {"north": {"uv": [4, 6, 5, 7], "texture": "#ore", "cullface": "up"}, "east": {"uv": [4, 6, 5, 7], "rotation": 90, "texture": "#ore", "cullface": "up"}, "south": {"uv": [4, 6, 5, 7], "rotation": 180, "texture": "#ore", "cullface": "up"}, "west": {"uv": [4, 6, 5, 7], "rotation": 270, "texture": "#ore", "cullface": "up"}, "up": {"uv": [4, 6, 5, 7], "texture": "#ore", "cullface": "up"}}}, {"from": [7, -0.49, 13], "to": [10, 0.01, 14], "rotation": {"angle": 0, "axis": "y", "origin": [8, 8.5, 8]}, "faces": {"north": {"uv": [7, 2, 10, 3], "rotation": 180, "texture": "#ore", "cullface": "down"}, "east": {"uv": [9, 2, 10, 3], "rotation": 270, "texture": "#ore", "cullface": "down"}, "south": {"uv": [7, 2, 10, 3], "texture": "#ore", "cullface": "down"}, "west": {"uv": [7, 2, 8, 3], "rotation": 90, "texture": "#ore", "cullface": "down"}, "down": {"uv": [7, 2, 10, 3], "texture": "#ore", "cullface": "down"}}}, {"from": [5, -0.49, 12], "to": [9, 0.01, 13], "rotation": {"angle": 0, "axis": "y", "origin": [8, 8.5, 8]}, "faces": {"north": {"uv": [5, 3, 9, 4], "rotation": 180, "texture": "#ore", "cullface": "down"}, "east": {"uv": [8, 3, 9, 4], "rotation": 270, "texture": "#ore", "cullface": "down"}, "south": {"uv": [5, 3, 9, 4], "texture": "#ore", "cullface": "down"}, "west": {"uv": [5, 3, 6, 4], "rotation": 90, "texture": "#ore", "cullface": "down"}, "down": {"uv": [5, 3, 9, 4], "texture": "#ore", "cullface": "down"}}}, {"from": [4, -0.49, 11], "to": [7, 0.01, 12], "rotation": {"angle": 0, "axis": "y", "origin": [8, 8.5, 8]}, "faces": {"north": {"uv": [4, 4, 7, 5], "rotation": 180, "texture": "#ore", "cullface": "down"}, "east": {"uv": [6, 4, 7, 5], "rotation": 270, "texture": "#ore", "cullface": "down"}, "south": {"uv": [4, 4, 7, 5], "texture": "#ore", "cullface": "down"}, "west": {"uv": [4, 4, 5, 5], "rotation": 90, "texture": "#ore", "cullface": "down"}, "down": {"uv": [4, 4, 7, 5], "texture": "#ore", "cullface": "down"}}}, {"from": [3, -0.49, 10], "to": [6, 0.01, 11], "rotation": {"angle": 0, "axis": "y", "origin": [8, 8.5, 8]}, "faces": {"north": {"uv": [3, 5, 6, 6], "rotation": 180, "texture": "#ore", "cullface": "down"}, "east": {"uv": [5, 5, 6, 6], "rotation": 270, "texture": "#ore", "cullface": "down"}, "south": {"uv": [3, 5, 6, 6], "texture": "#ore", "cullface": "down"}, "west": {"uv": [3, 5, 4, 6], "rotation": 90, "texture": "#ore", "cullface": "down"}, "down": {"uv": [3, 5, 6, 6], "texture": "#ore", "cullface": "down"}}}, {"from": [4, -0.49, 9], "to": [5, 0.01, 10], "rotation": {"angle": 0, "axis": "y", "origin": [8, 8.5, 8]}, "faces": {"north": {"uv": [4, 6, 5, 7], "texture": "#ore", "cullface": "down"}, "east": {"uv": [4, 6, 5, 7], "rotation": 270, "texture": "#ore", "cullface": "down"}, "south": {"uv": [4, 6, 5, 7], "rotation": 180, "texture": "#ore", "cullface": "down"}, "west": {"uv": [4, 6, 5, 7], "rotation": 90, "texture": "#ore", "cullface": "down"}, "down": {"uv": [4, 6, 5, 7], "texture": "#ore", "cullface": "down"}}}, {"from": [9, -0.49, 9], "to": [11, 0.01, 11], "rotation": {"angle": 0, "axis": "y", "origin": [8, 8.5, 8]}, "faces": {"north": {"uv": [9, 6, 11, 7], "rotation": 180, "texture": "#ore", "cullface": "down"}, "east": {"uv": [10, 5, 11, 7], "rotation": 270, "texture": "#ore", "cullface": "down"}, "south": {"uv": [9, 5, 11, 6], "texture": "#ore", "cullface": "down"}, "west": {"uv": [9, 5, 10, 7], "rotation": 90, "texture": "#ore", "cullface": "down"}, "down": {"uv": [9, 5, 11, 7], "texture": "#ore", "cullface": "down"}}}, {"from": [11, -0.49, 10], "to": [12, 0.01, 11], "rotation": {"angle": 0, "axis": "y", "origin": [8, 8.5, 8]}, "faces": {"north": {"uv": [11, 5, 12, 6], "texture": "#ore", "cullface": "down"}, "east": {"uv": [11, 5, 12, 6], "rotation": 270, "texture": "#ore", "cullface": "down"}, "south": {"uv": [11, 5, 12, 6], "rotation": 180, "texture": "#ore", "cullface": "down"}, "west": {"uv": [11, 5, 12, 6], "rotation": 90, "texture": "#ore", "cullface": "down"}, "down": {"uv": [11, 5, 12, 6], "texture": "#ore", "cullface": "down"}}}, {"from": [8, -0.49, 8], "to": [9, 0.01, 11], "rotation": {"angle": 0, "axis": "y", "origin": [8, 8.5, 8]}, "faces": {"north": {"uv": [8, 7, 9, 8], "texture": "#ore", "cullface": "down"}, "east": {"uv": [8, 5, 9, 8], "rotation": 270, "texture": "#ore", "cullface": "down"}, "south": {"uv": [8, 5, 9, 6], "rotation": 180, "texture": "#ore", "cullface": "down"}, "west": {"uv": [8, 5, 9, 8], "rotation": 90, "texture": "#ore", "cullface": "down"}, "down": {"uv": [8, 5, 9, 8], "texture": "#ore", "cullface": "down"}}}, {"from": [7, -0.49, 8], "to": [8, 0.01, 10], "rotation": {"angle": 0, "axis": "y", "origin": [8, 8.5, 8]}, "faces": {"north": {"uv": [7, 7, 8, 8], "texture": "#ore", "cullface": "down"}, "east": {"uv": [7, 6, 8, 8], "rotation": 270, "texture": "#ore", "cullface": "down"}, "south": {"uv": [7, 6, 8, 7], "rotation": 180, "texture": "#ore", "cullface": "down"}, "west": {"uv": [7, 6, 8, 8], "rotation": 90, "texture": "#ore", "cullface": "down"}, "down": {"uv": [7, 6, 8, 8], "texture": "#ore", "cullface": "down"}}}, {"from": [6, -0.49, 7], "to": [7, 0.01, 10], "rotation": {"angle": 0, "axis": "y", "origin": [8, 8.5, 8]}, "faces": {"north": {"uv": [6, 8, 7, 9], "texture": "#ore", "cullface": "down"}, "east": {"uv": [6, 6, 7, 9], "rotation": 270, "texture": "#ore", "cullface": "down"}, "south": {"uv": [6, 6, 7, 7], "rotation": 180, "texture": "#ore", "cullface": "down"}, "west": {"uv": [6, 6, 7, 9], "rotation": 90, "texture": "#ore", "cullface": "down"}, "down": {"uv": [6, 6, 7, 9], "texture": "#ore", "cullface": "down"}}}, {"from": [5, -0.49, 5], "to": [6, 0.01, 9], "rotation": {"angle": 0, "axis": "y", "origin": [8, 8.5, 8]}, "faces": {"north": {"uv": [5, 10, 6, 11], "texture": "#ore", "cullface": "down"}, "east": {"uv": [5, 7, 6, 11], "rotation": 270, "texture": "#ore", "cullface": "down"}, "south": {"uv": [5, 7, 6, 8], "rotation": 180, "texture": "#ore", "cullface": "down"}, "west": {"uv": [5, 7, 6, 11], "rotation": 90, "texture": "#ore", "cullface": "down"}, "down": {"uv": [5, 7, 6, 11], "texture": "#ore", "cullface": "down"}}}, {"from": [4, -0.49, 4], "to": [5, 0.01, 8], "rotation": {"angle": 0, "axis": "y", "origin": [8, 8.5, 8]}, "faces": {"north": {"uv": [4, 11, 5, 12], "texture": "#ore", "cullface": "down"}, "east": {"uv": [4, 8, 5, 12], "rotation": 270, "texture": "#ore", "cullface": "down"}, "south": {"uv": [4, 8, 5, 9], "rotation": 180, "texture": "#ore", "cullface": "down"}, "west": {"uv": [4, 8, 5, 12], "rotation": 90, "texture": "#ore", "cullface": "down"}, "down": {"uv": [4, 8, 5, 12], "texture": "#ore", "cullface": "down"}}}, {"from": [3, -0.49, 4], "to": [4, 0.01, 6], "rotation": {"angle": 0, "axis": "y", "origin": [8, 8.5, 8]}, "faces": {"north": {"uv": [3, 11, 4, 12], "texture": "#ore", "cullface": "down"}, "east": {"uv": [3, 10, 4, 12], "rotation": 270, "texture": "#ore", "cullface": "down"}, "south": {"uv": [3, 10, 4, 11], "rotation": 180, "texture": "#ore", "cullface": "down"}, "west": {"uv": [3, 10, 4, 12], "rotation": 90, "texture": "#ore", "cullface": "down"}, "down": {"uv": [3, 10, 4, 12], "texture": "#ore", "cullface": "down"}}}, {"from": [9, -0.49, 3], "to": [10, 0.01, 6], "rotation": {"angle": 0, "axis": "y", "origin": [8, 8.5, 8]}, "faces": {"north": {"uv": [9, 12, 10, 13], "texture": "#ore", "cullface": "down"}, "east": {"uv": [9, 10, 10, 13], "rotation": 270, "texture": "#ore", "cullface": "down"}, "south": {"uv": [9, 10, 10, 11], "rotation": 180, "texture": "#ore", "cullface": "down"}, "west": {"uv": [9, 10, 10, 13], "rotation": 90, "texture": "#ore", "cullface": "down"}, "down": {"uv": [9, 10, 10, 13], "texture": "#ore", "cullface": "down"}}}, {"from": [8, -0.49, 1], "to": [9, 0.01, 5], "rotation": {"angle": 0, "axis": "y", "origin": [8, 8.5, 8]}, "faces": {"north": {"uv": [8, 14, 9, 15], "texture": "#ore", "cullface": "down"}, "east": {"uv": [8, 11, 9, 15], "rotation": 270, "texture": "#ore", "cullface": "down"}, "south": {"uv": [8, 11, 9, 12], "rotation": 180, "texture": "#ore", "cullface": "down"}, "west": {"uv": [8, 11, 9, 15], "rotation": 90, "texture": "#ore", "cullface": "down"}, "down": {"uv": [8, 11, 9, 15], "texture": "#ore", "cullface": "down"}}}, {"from": [7, -0.49, 2], "to": [8, 0.01, 4], "rotation": {"angle": 0, "axis": "y", "origin": [8, 8.5, 8]}, "faces": {"north": {"uv": [7, 13, 8, 14], "texture": "#ore", "cullface": "down"}, "east": {"uv": [7, 12, 8, 14], "rotation": 270, "texture": "#ore", "cullface": "down"}, "south": {"uv": [7, 12, 8, 13], "rotation": 180, "texture": "#ore", "cullface": "down"}, "west": {"uv": [7, 12, 8, 14], "rotation": 90, "texture": "#ore", "cullface": "down"}, "down": {"uv": [7, 12, 8, 14], "texture": "#ore", "cullface": "down"}}}, {"from": [11, -0.49, 2], "to": [13, 0.01, 3], "rotation": {"angle": 0, "axis": "y", "origin": [8, 8.5, 8]}, "faces": {"north": {"uv": [11, 13, 13, 14], "texture": "#ore", "cullface": "down"}, "east": {"uv": [12, 13, 13, 14], "rotation": 270, "texture": "#ore", "cullface": "down"}, "south": {"uv": [11, 13, 13, 14], "rotation": 180, "texture": "#ore", "cullface": "down"}, "west": {"uv": [11, 13, 12, 14], "rotation": 90, "texture": "#ore", "cullface": "down"}, "down": {"uv": [11, 13, 13, 14], "texture": "#ore", "cullface": "down"}}}, {"from": [13, -0.49, 3], "to": [14, 0.01, 4], "rotation": {"angle": 0, "axis": "y", "origin": [8, 8.5, 8]}, "faces": {"north": {"uv": [13, 12, 14, 13], "texture": "#ore", "cullface": "down"}, "east": {"uv": [13, 12, 14, 13], "rotation": 270, "texture": "#ore", "cullface": "down"}, "south": {"uv": [13, 12, 14, 13], "rotation": 180, "texture": "#ore", "cullface": "down"}, "west": {"uv": [13, 12, 14, 13], "rotation": 90, "texture": "#ore", "cullface": "down"}, "down": {"uv": [13, 12, 14, 13], "texture": "#ore", "cullface": "down"}}}, {"from": [12, -0.49, 5], "to": [13, 0.01, 8], "rotation": {"angle": 0, "axis": "y", "origin": [8, 8.5, 8]}, "faces": {"north": {"uv": [12, 10, 13, 11], "texture": "#ore", "cullface": "down"}, "east": {"uv": [12, 8, 13, 11], "rotation": 270, "texture": "#ore", "cullface": "down"}, "south": {"uv": [12, 8, 13, 9], "rotation": 180, "texture": "#ore", "cullface": "down"}, "west": {"uv": [12, 8, 13, 11], "rotation": 90, "texture": "#ore", "cullface": "down"}, "down": {"uv": [12, 8, 13, 11], "texture": "#ore", "cullface": "down"}}}, {"from": [13, -0.49, 6], "to": [14, 0.01, 9], "rotation": {"angle": 0, "axis": "y", "origin": [8, 8.5, 8]}, "faces": {"north": {"uv": [13, 9, 14, 10], "texture": "#ore", "cullface": "down"}, "east": {"uv": [13, 7, 14, 10], "rotation": 270, "texture": "#ore", "cullface": "down"}, "south": {"uv": [13, 7, 14, 8], "rotation": 180, "texture": "#ore", "cullface": "down"}, "west": {"uv": [13, 7, 14, 10], "rotation": 90, "texture": "#ore", "cullface": "down"}, "down": {"uv": [13, 7, 14, 10], "texture": "#ore", "cullface": "down"}}}, {"from": [14, -0.49, 6], "to": [15, 0.01, 10], "rotation": {"angle": 0, "axis": "y", "origin": [8, 8.5, 8]}, "faces": {"north": {"uv": [14, 9, 15, 10], "texture": "#ore", "cullface": "down"}, "east": {"uv": [14, 6, 15, 10], "rotation": 270, "texture": "#ore", "cullface": "down"}, "south": {"uv": [14, 6, 15, 7], "rotation": 180, "texture": "#ore", "cullface": "down"}, "west": {"uv": [14, 6, 15, 10], "rotation": 90, "texture": "#ore", "cullface": "down"}, "down": {"uv": [14, 6, 15, 10], "texture": "#ore", "cullface": "down"}}}, {"from": [0, 0, 0], "to": [16, 16, 16], "faces": {"north": {"uv": [0, 0, 16, 16], "texture": "#cube", "cullface": "north"}, "east": {"uv": [0, 0, 16, 16], "texture": "#cube", "cullface": "east"}, "south": {"uv": [0, 0, 16, 16], "texture": "#cube", "cullface": "south"}, "west": {"uv": [0, 0, 16, 16], "texture": "#cube", "cullface": "west"}, "up": {"uv": [0, 0, 16, 16], "texture": "#cube", "cullface": "up"}, "down": {"uv": [0, 0, 16, 16], "texture": "#cube", "cullface": "down"}}}], "display": {"thirdperson_righthand": {"scale": [0.33, 0.33, 0.33]}}, "groups": [{"name": "north", "origin": [8, 8, 8], "color": 0, "children": [0, 1, 2, 3, 4, 5, 6, 7, 8, 9, 10, 11, 12, 13, 14, 15, 16, 17, 18, 19, 20]}, {"name": "east", "origin": [8, 8, 8], "color": 0, "children": [21, 22, 23, 24, 25, 26, 27, 28, 29, 30, 31, 32, 33, 34, 35, 36, 37, 38, 39, 40, 41]}, {"name": "south", "origin": [8, 8, 8], "color": 0, "children": [42, 43, 44, 45, 46, 47, 48, 49, 50, 51, 52, 53, 54, 55, 56, 57, 58, 59, 60, 61, 62]}, {"name": "west", "origin": [8, 8, 8], "color": 0, "children": [63, 64, 65, 66, 67, 68, 69, 70, 71, 72, 73, 74, 75, 76, 77, 78, 79, 80, 81, 82, 83]}, {"name": "up", "origin": [8, 8, 8], "color": 0, "children": [84, 85, 86, 87, 88, 89, 90, 91, 92, 93, 94, 95, 96, 97, 98, 99, 100, 101, 102, 103, 104]}, {"name": "down", "origin": [8, 8, 8], "color": 0, "children": [105, 106, 107, 108, 109, 110, 111, 112, 113, 114, 115, 116, 117, 118, 119, 120, 121, 122, 123, 124, 125]}, 126]}