{"parent":"minecraft:block/cube_all","textures":{"all":"block/redstone_ore"},"elements":[{"from":[0,0,0],"to":[16,16,16],"faces":{"north":{"uv":[0,0,16,16],"texture":"#all","cullface":"north"},"east":{"uv":[0,0,16,16],"texture":"#all","cullface":"east"},"south":{"uv":[0,0,16,16],"texture":"#all","cullface":"south"},"west":{"uv":[0,0,16,16],"texture":"#all","cullface":"west"},"up":{"uv":[0,0,16,16],"texture":"#all","cullface":"up"},"down":{"uv":[0,0,16,16],"texture":"#all","cullface":"down"}}},{"from":[3,3,-0.75],"to":[5,4,0],"rotation":{"angle":0,"axis":"y","origin":[8,8,8]},"faces":{"north":{"uv":[11,12,13,13],"texture":"#all","cullface":"north"},"east":{"uv":[11,12,12,13],"texture":"#all","cullface":"north"},"west":{"uv":[12,12,13,13],"texture":"#all","cullface":"north"},"up":{"uv":[13,12,11,13],"texture":"#all","cullface":"north"},"down":{"uv":[13,12,11,13],"texture":"#all","cullface":"north"}}},{"from":[2,10,-0.75],"to":[4,11,0],"rotation":{"angle":0,"axis":"y","origin":[8,8,8]},"faces":{"north":{"uv":[12,5,14,6],"texture":"#all","cullface":"north"},"east":{"uv":[12,5,13,6],"texture":"#all","cullface":"north"},"west":{"uv":[13,5,14,6],"texture":"#all","cullface":"north"},"up":{"uv":[14,5,12,6],"texture":"#all","cullface":"north"},"down":{"uv":[14,5,12,6],"texture":"#all","cullface":"north"}}},{"from":[13,6,-0.5],"to":[15,7,0],"rotation":{"angle":0,"axis":"y","origin":[8,8,8]},"faces":{"north":{"uv":[1,9,3,10],"texture":"#all","cullface":"north"},"east":{"uv":[1,9,2,10],"texture":"#all","cullface":"north"},"west":{"uv":[2,9,3,10],"texture":"#all","cullface":"north"},"down":{"uv":[3,9,1,10],"texture":"#all","cullface":"north"}}},{"from":[12,7,-0.75],"to":[15,8,0],"rotation":{"angle":0,"axis":"y","origin":[8,8,8]},"faces":{"north":{"uv":[1,8,4,9],"texture":"#all","cullface":"north"},"east":{"uv":[1,8,2,9],"texture":"#all","cullface":"north"},"west":{"uv":[3,8,4,9],"texture":"#all","cullface":"north"},"up":{"uv":[4,8,1,9],"texture":"#all","cullface":"north"},"down":{"uv":[4,8,1,9],"texture":"#all","cullface":"north"}}},{"from":[2,6,-0.75],"to":[5,7,0],"rotation":{"angle":0,"axis":"y","origin":[8,8,8]},"faces":{"north":{"uv":[11,9,14,10],"texture":"#all","cullface":"north"},"east":{"uv":[11,9,12,10],"texture":"#all","cullface":"north"},"west":{"uv":[13,9,14,10],"texture":"#all","cullface":"north"},"up":{"uv":[14,9,11,10],"texture":"#all","cullface":"north"},"down":{"uv":[14,9,11,10],"texture":"#all","cullface":"north"}}},{"from":[1,7,-0.5],"to":[7,8,0],"rotation":{"angle":0,"axis":"y","origin":[8,8,8]},"faces":{"north":{"uv":[9,8,15,9],"texture":"#all","cullface":"north"},"east":{"uv":[9,8,10,9],"texture":"#all","cullface":"north"},"west":{"uv":[14,8,15,9],"texture":"#all","cullface":"north"},"up":{"uv":[15,8,9,9],"texture":"#all","cullface":"north"},"down":{"uv":[15,8,9,9],"texture":"#all","cullface":"north"}}},{"from":[10,2,-0.75],"to":[12,3,0],"rotation":{"angle":0,"axis":"y","origin":[8,8,8]},"faces":{"north":{"uv":[4,13,6,14],"texture":"#all","cullface":"north"},"east":{"uv":[4,13,5,14],"texture":"#all","cullface":"north"},"west":{"uv":[5,13,6,14],"texture":"#all","cullface":"north"},"up":{"uv":[6,13,4,14],"texture":"#all","cullface":"north"},"down":{"uv":[6,13,4,14],"texture":"#all","cullface":"north"}}},{"from":[8,3,-0.5],"to":[13,4,0],"rotation":{"angle":0,"axis":"y","origin":[8,8,8]},"faces":{"north":{"uv":[3,12,8,13],"texture":"#all","cullface":"north"},"east":{"uv":[3,12,4,13],"texture":"#all","cullface":"north"},"west":{"uv":[7,12,8,13],"texture":"#all","cullface":"north"},"up":{"uv":[8,12,3,13],"texture":"#all","cullface":"north"},"down":{"uv":[8,12,3,13],"texture":"#all","cullface":"north"}}},{"from":[8,10,-0.75],"to":[11,13,0],"rotation":{"angle":0,"axis":"y","origin":[8,8,8]},"faces":{"north":{"uv":[5,3,8,6],"texture":"#all","cullface":"north"},"east":{"uv":[5,3,6,6],"texture":"#all","cullface":"north"},"west":{"uv":[7,3,8,6],"texture":"#all","cullface":"north"},"up":{"uv":[8,3,5,4],"texture":"#all","cullface":"north"},"down":{"uv":[8,5,5,6],"texture":"#all","cullface":"north"}}},{"from":[6,11,-0.5],"to":[13,12,0],"rotation":{"angle":0,"axis":"y","origin":[8,8,8]},"faces":{"north":{"uv":[3,4,10,5],"texture":"#all","cullface":"north"},"east":{"uv":[3,4,4,5],"texture":"#all","cullface":"north"},"west":{"uv":[9,4,10,5],"texture":"#all","cullface":"north"},"up":{"uv":[10,4,3,5],"texture":"#all","cullface":"north"},"down":{"uv":[10,4,3,5],"texture":"#all","cullface":"north"}}},{"from":[11,10,-0.75],"to":[12,11,0],"rotation":{"angle":0,"axis":"y","origin":[8,8,8]},"faces":{"north":{"uv":[4,5,5,6],"texture":"#all","cullface":"north"},"east":{"uv":[4,5,5,6],"texture":"#all","cullface":"north"},"up":{"uv":[4,5,5,6],"texture":"#all","cullface":"north"},"down":{"uv":[4,5,5,6],"texture":"#all","cullface":"north"}}},{"from":[-0.75,3,11],"to":[0,4,13],"rotation":{"angle":0,"axis":"y","origin":[8,8,8]},"faces":{"north":{"uv":[11,12,12,13],"texture":"#all","cullface":"west"},"south":{"uv":[12,12,13,13],"texture":"#all","cullface":"west"},"west":{"uv":[11,12,13,13],"texture":"#all","cullface":"west"},"up":{"uv":[13,12,11,13],"rotation":270,"texture":"#all","cullface":"west"},"down":{"uv":[13,12,11,13],"rotation":90,"texture":"#all","cullface":"west"}}},{"from":[-0.75,2,4],"to":[0,3,6],"rotation":{"angle":0,"axis":"y","origin":[8,8,8]},"faces":{"north":{"uv":[4,13,5,14],"texture":"#all","cullface":"west"},"south":{"uv":[5,13,6,14],"texture":"#all","cullface":"west"},"west":{"uv":[4,13,6,14],"texture":"#all","cullface":"west"},"up":{"uv":[6,13,4,14],"rotation":270,"texture":"#all","cullface":"west"},"down":{"uv":[6,13,4,14],"rotation":90,"texture":"#all","cullface":"west"}}},{"from":[-0.5,6,1],"to":[0,7,3],"rotation":{"angle":0,"axis":"y","origin":[8,8,8]},"faces":{"north":{"uv":[1,9,2,10],"texture":"#all","cullface":"west"},"south":{"uv":[2,9,3,10],"texture":"#all","cullface":"west"},"west":{"uv":[1,9,3,10],"texture":"#all","cullface":"west"},"down":{"uv":[3,9,1,10],"rotation":90,"texture":"#all","cullface":"west"}}},{"from":[-0.5,3,3],"to":[0,4,8],"rotation":{"angle":0,"axis":"y","origin":[8,8,8]},"faces":{"north":{"uv":[3,12,4,13],"texture":"#all","cullface":"west"},"south":{"uv":[7,12,8,13],"texture":"#all","cullface":"west"},"west":{"uv":[3,12,8,13],"texture":"#all","cullface":"west"},"up":{"uv":[8,12,3,13],"rotation":270,"texture":"#all","cullface":"west"},"down":{"uv":[8,12,3,13],"rotation":90,"texture":"#all","cullface":"west"}}},{"from":[-0.5,7,9],"to":[0,8,15],"rotation":{"angle":0,"axis":"y","origin":[8,8,8]},"faces":{"north":{"uv":[9,8,10,9],"texture":"#all","cullface":"west"},"south":{"uv":[14,8,15,9],"texture":"#all","cullface":"west"},"west":{"uv":[9,8,15,9],"texture":"#all","cullface":"west"},"up":{"uv":[15,8,9,9],"rotation":270,"texture":"#all","cullface":"west"},"down":{"uv":[15,8,9,9],"rotation":90,"texture":"#all","cullface":"west"}}},{"from":[-0.5,11,3],"to":[0,12,10],"rotation":{"angle":0,"axis":"y","origin":[8,8,8]},"faces":{"north":{"uv":[3,4,4,5],"texture":"#all","cullface":"west"},"south":{"uv":[9,4,10,5],"texture":"#all","cullface":"west"},"west":{"uv":[3,4,10,5],"texture":"#all","cullface":"west"},"up":{"uv":[10,4,3,5],"rotation":270,"texture":"#all","cullface":"west"},"down":{"uv":[10,4,3,5],"rotation":90,"texture":"#all","cullface":"west"}}},{"from":[-0.75,7,1],"to":[0,8,4],"rotation":{"angle":0,"axis":"y","origin":[8,8,8]},"faces":{"north":{"uv":[1,8,2,9],"texture":"#all","cullface":"west"},"south":{"uv":[3,8,4,9],"texture":"#all","cullface":"west"},"west":{"uv":[1,8,4,9],"texture":"#all","cullface":"west"},"up":{"uv":[4,8,1,9],"rotation":270,"texture":"#all","cullface":"west"},"down":{"uv":[4,8,1,9],"rotation":90,"texture":"#all","cullface":"west"}}},{"from":[-0.75,6,11],"to":[0,7,14],"rotation":{"angle":0,"axis":"y","origin":[8,8,8]},"faces":{"north":{"uv":[11,9,12,10],"texture":"#all","cullface":"west"},"south":{"uv":[13,9,14,10],"texture":"#all","cullface":"west"},"west":{"uv":[11,9,14,10],"texture":"#all","cullface":"west"},"up":{"uv":[14,9,11,10],"rotation":270,"texture":"#all","cullface":"west"},"down":{"uv":[14,9,11,10],"rotation":90,"texture":"#all","cullface":"west"}}},{"from":[-0.75,10,12],"to":[0,11,14],"rotation":{"angle":0,"axis":"y","origin":[8,8,8]},"faces":{"north":{"uv":[12,5,13,6],"texture":"#all","cullface":"west"},"south":{"uv":[13,5,14,6],"texture":"#all","cullface":"west"},"west":{"uv":[12,5,14,6],"texture":"#all","cullface":"west"},"up":{"uv":[14,5,12,6],"rotation":270,"texture":"#all","cullface":"west"},"down":{"uv":[14,5,12,6],"rotation":90,"texture":"#all","cullface":"west"}}},{"from":[-0.75,10,4],"to":[0,11,5],"rotation":{"angle":0,"axis":"y","origin":[8,8,8]},"faces":{"north":{"uv":[4,5,5,6],"texture":"#all","cullface":"west"},"west":{"uv":[4,5,5,6],"texture":"#all","cullface":"west"},"up":{"uv":[4,5,5,6],"rotation":270,"texture":"#all","cullface":"west"},"down":{"uv":[4,5,5,6],"rotation":90,"texture":"#all","cullface":"west"}}},{"from":[-0.75,10,5],"to":[0,13,8],"rotation":{"angle":0,"axis":"y","origin":[8,8,8]},"faces":{"north":{"uv":[5,3,6,6],"texture":"#all","cullface":"west"},"south":{"uv":[7,3,8,6],"texture":"#all","cullface":"west"},"west":{"uv":[5,3,8,6],"texture":"#all","cullface":"west"},"up":{"uv":[8,3,5,4],"rotation":270,"texture":"#all","cullface":"west"},"down":{"uv":[8,5,5,6],"rotation":90,"texture":"#all","cullface":"west"}}},{"from":[11,3,16],"to":[13,4,16.75],"rotation":{"angle":0,"axis":"y","origin":[8,8,8]},"faces":{"east":{"uv":[12,12,13,13],"texture":"#all","cullface":"south"},"south":{"uv":[11,12,13,13],"texture":"#all","cullface":"south"},"west":{"uv":[11,12,12,13],"texture":"#all","cullface":"south"},"up":{"uv":[13,12,11,13],"rotation":180,"texture":"#all","cullface":"south"},"down":{"uv":[13,12,11,13],"rotation":180,"texture":"#all","cullface":"south"}}},{"from":[4,2,16],"to":[6,3,16.75],"rotation":{"angle":0,"axis":"y","origin":[8,8,8]},"faces":{"east":{"uv":[5,13,6,14],"texture":"#all","cullface":"south"},"south":{"uv":[4,13,6,14],"texture":"#all","cullface":"south"},"west":{"uv":[4,13,5,14],"texture":"#all","cullface":"south"},"up":{"uv":[6,13,4,14],"rotation":180,"texture":"#all","cullface":"south"},"down":{"uv":[6,13,4,14],"rotation":180,"texture":"#all","cullface":"south"}}},{"from":[1,6,16],"to":[3,7,16.5],"rotation":{"angle":0,"axis":"y","origin":[8,8,8]},"faces":{"east":{"uv":[2,9,3,10],"texture":"#all","cullface":"south"},"south":{"uv":[1,9,3,10],"texture":"#all","cullface":"south"},"west":{"uv":[1,9,2,10],"texture":"#all","cullface":"south"},"down":{"uv":[3,9,1,10],"rotation":180,"texture":"#all","cullface":"south"}}},{"from":[3,3,16],"to":[8,4,16.5],"rotation":{"angle":0,"axis":"y","origin":[8,8,8]},"faces":{"east":{"uv":[7,12,8,13],"texture":"#all","cullface":"south"},"south":{"uv":[3,12,8,13],"texture":"#all","cullface":"south"},"west":{"uv":[3,12,4,13],"texture":"#all","cullface":"south"},"up":{"uv":[8,12,3,13],"rotation":180,"texture":"#all","cullface":"south"},"down":{"uv":[8,12,3,13],"rotation":180,"texture":"#all","cullface":"south"}}},{"from":[9,7,16],"to":[15,8,16.5],"rotation":{"angle":0,"axis":"y","origin":[8,8,8]},"faces":{"east":{"uv":[14,8,15,9],"texture":"#all","cullface":"south"},"south":{"uv":[9,8,15,9],"texture":"#all","cullface":"south"},"west":{"uv":[9,8,10,9],"texture":"#all","cullface":"south"},"up":{"uv":[15,8,9,9],"rotation":180,"texture":"#all","cullface":"south"},"down":{"uv":[15,8,9,9],"rotation":180,"texture":"#all","cullface":"south"}}},{"from":[3,11,16],"to":[10,12,16.5],"rotation":{"angle":0,"axis":"y","origin":[8,8,8]},"faces":{"east":{"uv":[9,4,10,5],"texture":"#all","cullface":"south"},"south":{"uv":[3,4,10,5],"texture":"#all","cullface":"south"},"west":{"uv":[3,4,4,5],"texture":"#all","cullface":"south"},"up":{"uv":[10,4,3,5],"rotation":180,"texture":"#all","cullface":"south"},"down":{"uv":[10,4,3,5],"rotation":180,"texture":"#all","cullface":"south"}}},{"from":[1,7,16],"to":[4,8,16.75],"rotation":{"angle":0,"axis":"y","origin":[8,8,8]},"faces":{"east":{"uv":[3,8,4,9],"texture":"#all","cullface":"south"},"south":{"uv":[1,8,4,9],"texture":"#all","cullface":"south"},"west":{"uv":[1,8,2,9],"texture":"#all","cullface":"south"},"up":{"uv":[4,8,1,9],"rotation":180,"texture":"#all","cullface":"south"},"down":{"uv":[4,8,1,9],"rotation":180,"texture":"#all","cullface":"south"}}},{"from":[11,6,16],"to":[14,7,16.75],"rotation":{"angle":0,"axis":"y","origin":[8,8,8]},"faces":{"east":{"uv":[13,9,14,10],"texture":"#all","cullface":"south"},"south":{"uv":[11,9,14,10],"texture":"#all","cullface":"south"},"west":{"uv":[11,9,12,10],"texture":"#all","cullface":"south"},"up":{"uv":[14,9,11,10],"rotation":180,"texture":"#all","cullface":"south"},"down":{"uv":[14,9,11,10],"rotation":180,"texture":"#all","cullface":"south"}}},{"from":[12,10,16],"to":[14,11,16.75],"rotation":{"angle":0,"axis":"y","origin":[8,8,8]},"faces":{"east":{"uv":[13,5,14,6],"texture":"#all","cullface":"south"},"south":{"uv":[12,5,14,6],"texture":"#all","cullface":"south"},"west":{"uv":[12,5,13,6],"texture":"#all","cullface":"south"},"up":{"uv":[14,5,12,6],"rotation":180,"texture":"#all","cullface":"south"},"down":{"uv":[14,5,12,6],"rotation":180,"texture":"#all","cullface":"south"}}},{"from":[4,10,16],"to":[5,11,16.75],"rotation":{"angle":0,"axis":"y","origin":[8,8,8]},"faces":{"south":{"uv":[4,5,5,6],"texture":"#all","cullface":"south"},"west":{"uv":[4,5,5,6],"texture":"#all","cullface":"south"},"up":{"uv":[4,5,5,6],"rotation":180,"texture":"#all","cullface":"south"},"down":{"uv":[4,5,5,6],"rotation":180,"texture":"#all","cullface":"south"}}},{"from":[5,10,16],"to":[8,13,16.75],"rotation":{"angle":0,"axis":"y","origin":[8,8,8]},"faces":{"east":{"uv":[7,3,8,6],"texture":"#all","cullface":"south"},"south":{"uv":[5,3,8,6],"texture":"#all","cullface":"south"},"west":{"uv":[5,3,6,6],"texture":"#all","cullface":"south"},"up":{"uv":[8,3,5,4],"rotation":180,"texture":"#all","cullface":"south"},"down":{"uv":[8,5,5,6],"rotation":180,"texture":"#all","cullface":"south"}}},{"from":[16,3,3],"to":[16.75,4,5],"rotation":{"angle":0,"axis":"y","origin":[8,8,8]},"faces":{"north":{"uv":[12,12,13,13],"texture":"#all","cullface":"east"},"east":{"uv":[11,12,13,13],"texture":"#all","cullface":"east"},"south":{"uv":[11,12,12,13],"texture":"#all","cullface":"east"},"up":{"uv":[13,12,11,13],"rotation":90,"texture":"#all","cullface":"east"},"down":{"uv":[13,12,11,13],"rotation":270,"texture":"#all","cullface":"east"}}},{"from":[16,2,10],"to":[16.75,3,12],"rotation":{"angle":0,"axis":"y","origin":[8,8,8]},"faces":{"north":{"uv":[5,13,6,14],"texture":"#all","cullface":"east"},"east":{"uv":[4,13,6,14],"texture":"#all","cullface":"east"},"south":{"uv":[4,13,5,14],"texture":"#all","cullface":"east"},"up":{"uv":[6,13,4,14],"rotation":90,"texture":"#all","cullface":"east"},"down":{"uv":[6,13,4,14],"rotation":270,"texture":"#all","cullface":"east"}}},{"from":[16,6,13],"to":[16.5,7,15],"rotation":{"angle":0,"axis":"y","origin":[8,8,8]},"faces":{"north":{"uv":[2,9,3,10],"texture":"#all","cullface":"east"},"east":{"uv":[1,9,3,10],"texture":"#all","cullface":"east"},"south":{"uv":[1,9,2,10],"texture":"#all","cullface":"east"},"down":{"uv":[3,9,1,10],"rotation":270,"texture":"#all","cullface":"east"}}},{"from":[16,3,8],"to":[16.5,4,13],"rotation":{"angle":0,"axis":"y","origin":[8,8,8]},"faces":{"north":{"uv":[7,12,8,13],"texture":"#all","cullface":"east"},"east":{"uv":[3,12,8,13],"texture":"#all","cullface":"east"},"south":{"uv":[3,12,4,13],"texture":"#all","cullface":"east"},"up":{"uv":[8,12,3,13],"rotation":90,"texture":"#all","cullface":"east"},"down":{"uv":[8,12,3,13],"rotation":270,"texture":"#all","cullface":"east"}}},{"from":[16,7,1],"to":[16.5,8,7],"rotation":{"angle":0,"axis":"y","origin":[8,8,8]},"faces":{"north":{"uv":[14,8,15,9],"texture":"#all","cullface":"east"},"east":{"uv":[9,8,15,9],"texture":"#all","cullface":"east"},"south":{"uv":[9,8,10,9],"texture":"#all","cullface":"east"},"up":{"uv":[15,8,9,9],"rotation":90,"texture":"#all","cullface":"east"},"down":{"uv":[15,8,9,9],"rotation":270,"texture":"#all","cullface":"east"}}},{"from":[16,11,6],"to":[16.5,12,13],"rotation":{"angle":0,"axis":"y","origin":[8,8,8]},"faces":{"north":{"uv":[9,4,10,5],"texture":"#all","cullface":"east"},"east":{"uv":[3,4,10,5],"texture":"#all","cullface":"east"},"south":{"uv":[3,4,4,5],"texture":"#all","cullface":"east"},"up":{"uv":[10,4,3,5],"rotation":90,"texture":"#all","cullface":"east"},"down":{"uv":[10,4,3,5],"rotation":270,"texture":"#all","cullface":"east"}}},{"from":[16,7,12],"to":[16.75,8,15],"rotation":{"angle":0,"axis":"y","origin":[8,8,8]},"faces":{"north":{"uv":[3,8,4,9],"texture":"#all","cullface":"east"},"east":{"uv":[1,8,4,9],"texture":"#all","cullface":"east"},"south":{"uv":[1,8,2,9],"texture":"#all","cullface":"east"},"up":{"uv":[4,8,1,9],"rotation":90,"texture":"#all","cullface":"east"},"down":{"uv":[4,8,1,9],"rotation":270,"texture":"#all","cullface":"east"}}},{"from":[16,6,2],"to":[16.75,7,5],"rotation":{"angle":0,"axis":"y","origin":[8,8,8]},"faces":{"north":{"uv":[13,9,14,10],"texture":"#all","cullface":"east"},"east":{"uv":[11,9,14,10],"texture":"#all","cullface":"east"},"south":{"uv":[11,9,12,10],"texture":"#all","cullface":"east"},"up":{"uv":[14,9,11,10],"rotation":90,"texture":"#all","cullface":"east"},"down":{"uv":[14,9,11,10],"rotation":270,"texture":"#all","cullface":"east"}}},{"from":[16,10,2],"to":[16.75,11,4],"rotation":{"angle":0,"axis":"y","origin":[8,8,8]},"faces":{"north":{"uv":[13,5,14,6],"texture":"#all","cullface":"east"},"east":{"uv":[12,5,14,6],"texture":"#all","cullface":"east"},"south":{"uv":[12,5,13,6],"texture":"#all","cullface":"east"},"up":{"uv":[14,5,12,6],"rotation":90,"texture":"#all","cullface":"east"},"down":{"uv":[14,5,12,6],"rotation":270,"texture":"#all","cullface":"east"}}},{"from":[16,10,11],"to":[16.75,11,12],"rotation":{"angle":0,"axis":"y","origin":[8,8,8]},"faces":{"east":{"uv":[4,5,5,6],"texture":"#all","cullface":"east"},"south":{"uv":[4,5,5,6],"texture":"#all","cullface":"east"},"up":{"uv":[4,5,5,6],"rotation":90,"texture":"#all","cullface":"east"},"down":{"uv":[4,5,5,6],"rotation":270,"texture":"#all","cullface":"east"}}},{"from":[16,10,8],"to":[16.75,13,11],"rotation":{"angle":0,"axis":"y","origin":[8,8,8]},"faces":{"north":{"uv":[7,3,8,6],"texture":"#all","cullface":"east"},"east":{"uv":[5,3,8,6],"texture":"#all","cullface":"east"},"south":{"uv":[5,3,6,6],"texture":"#all","cullface":"east"},"up":{"uv":[8,3,5,4],"rotation":90,"texture":"#all","cullface":"east"},"down":{"uv":[8,5,5,6],"rotation":270,"texture":"#all","cullface":"east"}}},{"from":[11,16,12],"to":[13,16.75,13],"rotation":{"angle":0,"axis":"x","origin":[8,8,8]},"faces":{"north":{"uv":[13,12,11,13],"texture":"#all","cullface":"up"},"east":{"uv":[12,12,13,13],"rotation":90,"texture":"#all","cullface":"up"},"south":{"uv":[13,12,11,13],"rotation":180,"texture":"#all","cullface":"up"},"west":{"uv":[11,12,12,13],"rotation":270,"texture":"#all","cullface":"up"},"up":{"uv":[11,12,13,13],"texture":"#all","cullface":"up"}}},{"from":[4,16,13],"to":[6,16.75,14],"rotation":{"angle":0,"axis":"x","origin":[8,8,8]},"faces":{"north":{"uv":[6,13,4,14],"texture":"#all","cullface":"up"},"east":{"uv":[5,13,6,14],"rotation":90,"texture":"#all","cullface":"up"},"south":{"uv":[6,13,4,14],"rotation":180,"texture":"#all","cullface":"up"},"west":{"uv":[4,13,5,14],"rotation":270,"texture":"#all","cullface":"up"},"up":{"uv":[4,13,6,14],"texture":"#all","cullface":"up"}}},{"from":[1,16,9],"to":[3,16.5,10],"rotation":{"angle":0,"axis":"x","origin":[8,8,8]},"faces":{"east":{"uv":[2,9,3,10],"rotation":90,"texture":"#all","cullface":"up"},"south":{"uv":[3,9,1,10],"rotation":180,"texture":"#all","cullface":"up"},"west":{"uv":[1,9,2,10],"rotation":270,"texture":"#all","cullface":"up"},"up":{"uv":[1,9,3,10],"texture":"#all","cullface":"up"}}},{"from":[3,16,12],"to":[8,16.5,13],"rotation":{"angle":0,"axis":"x","origin":[8,8,8]},"faces":{"north":{"uv":[8,12,3,13],"texture":"#all","cullface":"up"},"east":{"uv":[7,12,8,13],"rotation":90,"texture":"#all","cullface":"up"},"south":{"uv":[8,12,3,13],"rotation":180,"texture":"#all","cullface":"up"},"west":{"uv":[3,12,4,13],"rotation":270,"texture":"#all","cullface":"up"},"up":{"uv":[3,12,8,13],"texture":"#all","cullface":"up"}}},{"from":[9,16,8],"to":[15,16.5,9],"rotation":{"angle":0,"axis":"x","origin":[8,8,8]},"faces":{"north":{"uv":[15,8,9,9],"texture":"#all","cullface":"up"},"east":{"uv":[14,8,15,9],"rotation":90,"texture":"#all","cullface":"up"},"south":{"uv":[15,8,9,9],"rotation":180,"texture":"#all","cullface":"up"},"west":{"uv":[9,8,10,9],"rotation":270,"texture":"#all","cullface":"up"},"up":{"uv":[9,8,15,9],"texture":"#all","cullface":"up"}}},{"from":[3,16,4],"to":[10,16.5,5],"rotation":{"angle":0,"axis":"x","origin":[8,8,8]},"faces":{"north":{"uv":[10,4,3,5],"texture":"#all","cullface":"up"},"east":{"uv":[9,4,10,5],"rotation":90,"texture":"#all","cullface":"up"},"south":{"uv":[10,4,3,5],"rotation":180,"texture":"#all","cullface":"up"},"west":{"uv":[3,4,4,5],"rotation":270,"texture":"#all","cullface":"up"},"up":{"uv":[3,4,10,5],"texture":"#all","cullface":"up"}}},{"from":[1,16,8],"to":[4,16.75,9],"rotation":{"angle":0,"axis":"x","origin":[8,8,8]},"faces":{"north":{"uv":[4,8,1,9],"texture":"#all","cullface":"up"},"east":{"uv":[3,8,4,9],"rotation":90,"texture":"#all","cullface":"up"},"south":{"uv":[4,8,1,9],"rotation":180,"texture":"#all","cullface":"up"},"west":{"uv":[1,8,2,9],"rotation":270,"texture":"#all","cullface":"up"},"up":{"uv":[1,8,4,9],"texture":"#all","cullface":"up"}}},{"from":[11,16,9],"to":[14,16.75,10],"rotation":{"angle":0,"axis":"x","origin":[8,8,8]},"faces":{"north":{"uv":[14,9,11,10],"texture":"#all","cullface":"up"},"east":{"uv":[13,9,14,10],"rotation":90,"texture":"#all","cullface":"up"},"south":{"uv":[14,9,11,10],"rotation":180,"texture":"#all","cullface":"up"},"west":{"uv":[11,9,12,10],"rotation":270,"texture":"#all","cullface":"up"},"up":{"uv":[11,9,14,10],"texture":"#all","cullface":"up"}}},{"from":[12,16,5],"to":[14,16.75,6],"rotation":{"angle":0,"axis":"x","origin":[8,8,8]},"faces":{"north":{"uv":[14,5,12,6],"texture":"#all","cullface":"up"},"east":{"uv":[13,5,14,6],"rotation":90,"texture":"#all","cullface":"up"},"south":{"uv":[14,5,12,6],"rotation":180,"texture":"#all","cullface":"up"},"west":{"uv":[12,5,13,6],"rotation":270,"texture":"#all","cullface":"up"},"up":{"uv":[12,5,14,6],"texture":"#all","cullface":"up"}}},{"from":[4,16,5],"to":[5,16.75,6],"rotation":{"angle":0,"axis":"x","origin":[8,8,8]},"faces":{"north":{"uv":[4,5,5,6],"texture":"#all","cullface":"up"},"south":{"uv":[4,5,5,6],"rotation":180,"texture":"#all","cullface":"up"},"west":{"uv":[4,5,5,6],"rotation":270,"texture":"#all","cullface":"up"},"up":{"uv":[4,5,5,6],"texture":"#all","cullface":"up"}}},{"from":[5,16,3],"to":[8,16.75,6],"rotation":{"angle":0,"axis":"x","origin":[8,8,8]},"faces":{"north":{"uv":[8,3,5,4],"texture":"#all","cullface":"up"},"east":{"uv":[7,3,8,6],"rotation":90,"texture":"#all","cullface":"up"},"south":{"uv":[8,5,5,6],"rotation":180,"texture":"#all","cullface":"up"},"west":{"uv":[5,3,6,6],"rotation":270,"texture":"#all","cullface":"up"},"up":{"uv":[5,3,8,6],"texture":"#all","cullface":"up"}}},{"from":[11,-0.75,3],"to":[13,0,4],"rotation":{"angle":0,"axis":"x","origin":[8,8,8]},"faces":{"north":{"uv":[13,12,11,13],"texture":"#all","cullface":"down"},"east":{"uv":[12,12,13,13],"rotation":270,"texture":"#all","cullface":"down"},"south":{"uv":[13,12,11,13],"rotation":180,"texture":"#all","cullface":"down"},"west":{"uv":[11,12,12,13],"rotation":90,"texture":"#all","cullface":"down"},"down":{"uv":[11,12,13,13],"texture":"#all","cullface":"down"}}},{"from":[4,-0.75,2],"to":[6,0,3],"rotation":{"angle":0,"axis":"x","origin":[8,8,8]},"faces":{"north":{"uv":[6,13,4,14],"texture":"#all","cullface":"down"},"east":{"uv":[5,13,6,14],"rotation":270,"texture":"#all","cullface":"down"},"south":{"uv":[6,13,4,14],"rotation":180,"texture":"#all","cullface":"down"},"west":{"uv":[4,13,5,14],"rotation":90,"texture":"#all","cullface":"down"},"down":{"uv":[4,13,6,14],"texture":"#all","cullface":"down"}}},{"from":[1,-0.5,6],"to":[3,0,7],"rotation":{"angle":0,"axis":"x","origin":[8,8,8]},"faces":{"north":{"uv":[3,9,1,10],"texture":"#all","cullface":"down"},"east":{"uv":[2,9,3,10],"rotation":270,"texture":"#all","cullface":"down"},"west":{"uv":[1,9,2,10],"rotation":90,"texture":"#all","cullface":"down"},"down":{"uv":[1,9,3,10],"texture":"#all","cullface":"down"}}},{"from":[3,-0.5,3],"to":[8,0,4],"rotation":{"angle":0,"axis":"x","origin":[8,8,8]},"faces":{"north":{"uv":[8,12,3,13],"texture":"#all","cullface":"down"},"east":{"uv":[7,12,8,13],"rotation":270,"texture":"#all","cullface":"down"},"south":{"uv":[8,12,3,13],"rotation":180,"texture":"#all","cullface":"down"},"west":{"uv":[3,12,4,13],"rotation":90,"texture":"#all","cullface":"down"},"down":{"uv":[3,12,8,13],"texture":"#all","cullface":"down"}}},{"from":[9,-0.5,7],"to":[15,0,8],"rotation":{"angle":0,"axis":"x","origin":[8,8,8]},"faces":{"north":{"uv":[15,8,9,9],"texture":"#all","cullface":"down"},"east":{"uv":[14,8,15,9],"rotation":270,"texture":"#all","cullface":"down"},"south":{"uv":[15,8,9,9],"rotation":180,"texture":"#all","cullface":"down"},"west":{"uv":[9,8,10,9],"rotation":90,"texture":"#all","cullface":"down"},"down":{"uv":[9,8,15,9],"texture":"#all","cullface":"down"}}},{"from":[3,-0.5,11],"to":[10,0,12],"rotation":{"angle":0,"axis":"x","origin":[8,8,8]},"faces":{"north":{"uv":[10,4,3,5],"texture":"#all","cullface":"down"},"east":{"uv":[9,4,10,5],"rotation":270,"texture":"#all","cullface":"down"},"south":{"uv":[10,4,3,5],"rotation":180,"texture":"#all","cullface":"down"},"west":{"uv":[3,4,4,5],"rotation":90,"texture":"#all","cullface":"down"},"down":{"uv":[3,4,10,5],"texture":"#all","cullface":"down"}}},{"from":[1,-0.75,7],"to":[4,0,8],"rotation":{"angle":0,"axis":"x","origin":[8,8,8]},"faces":{"north":{"uv":[4,8,1,9],"texture":"#all","cullface":"down"},"east":{"uv":[3,8,4,9],"rotation":270,"texture":"#all","cullface":"down"},"south":{"uv":[4,8,1,9],"rotation":180,"texture":"#all","cullface":"down"},"west":{"uv":[1,8,2,9],"rotation":90,"texture":"#all","cullface":"down"},"down":{"uv":[1,8,4,9],"texture":"#all","cullface":"down"}}},{"from":[11,-0.75,6],"to":[14,0,7],"rotation":{"angle":0,"axis":"x","origin":[8,8,8]},"faces":{"north":{"uv":[14,9,11,10],"texture":"#all","cullface":"down"},"east":{"uv":[13,9,14,10],"rotation":270,"texture":"#all","cullface":"down"},"south":{"uv":[14,9,11,10],"rotation":180,"texture":"#all","cullface":"down"},"west":{"uv":[11,9,12,10],"rotation":90,"texture":"#all","cullface":"down"},"down":{"uv":[11,9,14,10],"texture":"#all","cullface":"down"}}},{"from":[12,-0.75,10],"to":[14,0,11],"rotation":{"angle":0,"axis":"x","origin":[8,8,8]},"faces":{"north":{"uv":[14,5,12,6],"texture":"#all","cullface":"down"},"east":{"uv":[13,5,14,6],"rotation":270,"texture":"#all","cullface":"down"},"south":{"uv":[14,5,12,6],"rotation":180,"texture":"#all","cullface":"down"},"west":{"uv":[12,5,13,6],"rotation":90,"texture":"#all","cullface":"down"},"down":{"uv":[12,5,14,6],"texture":"#all","cullface":"down"}}},{"from":[4,-0.75,10],"to":[5,0,11],"rotation":{"angle":0,"axis":"x","origin":[8,8,8]},"faces":{"north":{"uv":[4,5,5,6],"texture":"#all","cullface":"down"},"south":{"uv":[4,5,5,6],"rotation":180,"texture":"#all","cullface":"down"},"west":{"uv":[4,5,5,6],"rotation":90,"texture":"#all","cullface":"down"},"down":{"uv":[4,5,5,6],"texture":"#all","cullface":"down"}}},{"from":[5,-0.75,10],"to":[8,0,13],"rotation":{"angle":0,"axis":"x","origin":[8,8,8]},"faces":{"north":{"uv":[8,5,5,6],"texture":"#all","cullface":"down"},"east":{"uv":[7,3,8,6],"rotation":270,"texture":"#all","cullface":"down"},"south":{"uv":[8,3,5,4],"rotation":180,"texture":"#all","cullface":"down"},"west":{"uv":[5,3,6,6],"rotation":90,"texture":"#all","cullface":"down"},"down":{"uv":[5,3,8,6],"texture":"#all","cullface":"down"}}}]}